Contenido;T√≠tulo del v√≠deo;Hora de publicaci√≥n del v√≠deo;Clics por elemento de pantalla final mostrado (%);Elementos de pantalla final mostrados;Clics en elementos de pantalla final;Clics en teaser por teaser de tarjeta mostrado (%);Teasers de tarjeta mostrados;Clics en teaser de tarjeta;Clics por tarjeta mostrada (%);Tarjetas mostradas;Clics en tarjetas;Me gusta (vs. No me gusta) (%);No me gusta;Me gusta;Mostrado en el feed;Vistos (frente a saltados) (%);Comentarios a√±adidos;Compartido;RPM (USD);Ingresos estimados (USD);Suscriptores perdidos;Suscriptores ganados;Porcentaje medio visto (%);Visualizaciones;Tiempo de visualizaci√≥n (horas);Duraci√≥n media de las visualizaciones;Impresiones;Porcentaje de clics de las impresiones (%)
Total;;;1.22;3844;47;0.37;6822;25;11.54;130;15;99.4;2;334;605;59.83;12;125;1,276;18,421;85;138;25.96;13856;8,748,132;0:03:47;201937;3.88
_g8JtwLevHA;üëâ Esto es lo que PUEDES HACER con Corel Draw ‚ñ∂ DelcaVideography;Mar 4, 2021;1.93;570;11;0;286;0;;0;0;100;0;4;0;;0;10;0.717;0.382;0;3;62.89;559;108,388;0:01:09;3073;10.45
Mf_462e-1PI;üíö Curso COREL DRAW en YOUTUBE 2022 (Entrenamiento Online) ‚ñ∂ DelcaVideography;Mar 8, 2021;1.55;194;3;0;168;0;;0;0;100;0;11;0;;0;6;1,022;0.398;1;12;47.26;357;52,962;0:00:53;1125;2.84
3Zai99qd9kQ;üî• USA LETRAS para CREAR LOGOS si SIGUES estos PASOS ‚ñ∂ TUTORIAL |  DelcaVideography;Mar 15, 2022;13.33;15;2;0;8;0;;0;0;;0;0;0;;0;0;1,033;0.031;0;0;22.57;32;19,579;0:03:40;239;3.35
9BffzhQPChk;Herramienta DISTORSI√ìN Tutorial CorelDRAW;Feb 21, 2023;4.55;44;2;0;8;0;;0;0;100;0;11;0;;0;0;1,377;0.177;0;2;36.2;140;90,107;0:03:51;2700;3.15
GfppqrKjn24;üëä FUNCIONA! 20 TRUCOS que *DEBES SABER* de CorelDRAW (2021) ‚ñ∫ DelcaVideography;Sep 12, 2017;2.27;88;2;0;467;0;;0;0;100;0;12;0;;1;13;1,803;0.935;0;12;35.66;501;439,208;0:05:15;11463;3.14
PYF0AejVLTY;üëâ C√≥mo poner la BARRA de HERRAMIENTAS üõ† de Corel Draw ‚ñ∂ DelcaVideography;May 3, 2021;1.12;179;2;0.78;255;2;16.67;6;1;100;0;4;0;;0;2;1,139;0.602;0;1;53.63;486;161,461;0:01:59;2962;8.37
TNPy19MT0iE;‚úÖ Esto NECESITAS para usar Vegas Pro en tu PC (2022)  ‚ñ∂ @DelcaX;Nov 22, 2022;14.29;14;2;;0;0;;0;0;100;0;1;0;;0;0;0.765;0.013;0;0;42.29;19;0.4285;0:01:21;315;2.86
UzS9Iar4trA;‚úî‚ú® Sigue estos M√âTODOS para DISE√ëAR tus LOGOS en CorelDRAW ‚ñ∫ TUTORIAL | DelcaVideography;Nov 23, 2021;4.65;43;2;0;41;0;;0;0;100;0;3;0;;0;0;1,378;0.219;0;3;21.52;152;129,044;0:05:05;2637;3.68
o6p51KtkmYM;üëâ Cu√°nto ESPACIO OCUPA Corel DRAW ‚ñ∂ DelcaVideography;May 13, 2021;4.35;46;2;0;26;0;;0;0;100;0;1;0;;0;2;1,438;0.102;0;1;63.83;57;0.8085;0:00:51;680;5.29
9Y7omimkljg;üî• CorelDRAW AMAZING Techniques for Beginners & Experts ‚ñ∂ LOGO TUTORIAL | DelcaVideography;Jul 29, 2021;25;4;1;0;3;0;;0;0;;0;0;0;;0;0;2;0.01;0;0;37.92;5;0.3481;0:04:10;85;2.35
9lcfYNSQNO0;üëâ PASOS para INGRESAR a Corel Draw ‚ñ∂ DelcaVideography;Apr 29, 2021;1.32;76;1;0;64;0;;0;0;100;0;2;0;;0;1;0.825;0.101;0;0;54.75;137;5,209;0:02:16;1173;6.39
AfHnJNk6C30;üíö Tutorial  ‚ñ∂ Herramienta SILUETA en CorelDRAW @DelcaX;Feb 14, 2023;2.7;37;1;0;7;0;;0;0;100;0;7;0;;0;0;1,103;0.136;0;0;33.76;132;144,225;0:06:33;3326;2.53
BwW5ar0rq6I;üåü DESCUBRE c√≥mo REEMPLAZAR COLORES de IM√ÅGENES (F√ÅCIL) en CorelDRAW 2021 ‚ñ∂ DelcaVideography;Mar 25, 2021;2.94;34;1;0;70;0;;0;0;100;0;1;0;;0;0;1,014;0.073;0;1;50.79;74;34,241;0:02:46;667;5.7
IyIvsSRNGZk;üíö 5 USOS para DOMINAR la HERRAMIENTA FORMA ‚úí ‚ñ∂ TUTORIAL CorelDRAW | DelcaVideography;Sep 6, 2022;5.26;19;1;;0;0;;0;0;;0;0;0;;0;0;0.706;0.012;0;0;75.8;17;11,311;0:03:59;321;3.74
JXVB85h99xk;üíö Tutorial  ‚ñ∂ Herramienta SOMBRA en CorelDRAW @DelcaX;Feb 28, 2023;0.59;169;1;0;81;0;;0;0;100;0;72;0;;2;9;1,693;1,325;3;3;27.6;698;601,014;0:05:09;17440;2.31
PprG9YA6rFM;C√ìMO DIVIDIR LA PANTALLA con v√≠deos | DelcaVideography;Aug 21, 2018;7.69;13;1;0;32;0;;0;0;100;0;1;0;;0;1;0.833;0.041;0;0;24.5;51;20,965;0:02:27;874;4
UBFqtV3LYRY;üëâ Cu√°nto CUESTA üí≤ CorelDRAW ‚ñ∂ DelcaVideography;May 6, 2021;3.23;31;1;0;24;0;;0;0;;0;0;0;;0;0;0.122;0.006;0;0;65.18;49;0.9493;0:01:09;442;6.79
XDmzkfD6vJg;‚úÖ Respondo üëâüèº las 10 PREGUNTAS M√ÅS FRECUENTES sobre Corel DRAW ‚ñ∂ DelcaVideography;Feb 23, 2021;5.88;17;1;0;42;0;;0;0;100;0;1;0;;0;0;1,678;0.3;0;0;32.77;69;92,902;0:08:04;666;3.3
XjEE1s9X-Bc;Aprende a CREAR DISE√ëOS INFINITOS en 3 PASOS con Corel DRAW DelcaVideography;Aug 13, 2019;4.17;24;1;0;62;0;;0;0;50;1;1;0;;0;0;1,817;0.145;0;0;42.77;82;7,598;0:05:33;756;8.2
Y1MPNvWxQNw;üíö Tutorial  ‚ñ∂ Herramienta TRANSPARENCIA en CorelDRAW @DelcaX;Jan 31, 2023;3.33;30;1;0;12;0;;0;0;100;0;2;0;;0;0;0.956;0.056;0;0;51.63;49;41,669;0:05:06;1104;3.26
dDYz3dwnX0A;üëâ Estas son las PRINCIPALES CARACTER√çSTICAS de Corel Draw ‚ñ∂ DelcaVideography;Mar 2, 2021;0.5;199;1;0.6;168;1;0;4;0;100;0;1;0;;0;0;1,147;0.149;0;1;67.14;141;28,139;0:01:11;1064;8.27
gDyOAURjjrc;C√≥mo CREAR una TARJETA de NEGOCIOS VIRTUAL üí≥ PASO a PASO ‚ñ∂ Tutorial CorelDRAW (2021);May 25, 2021;100;1;1;0;4;0;;0;0;100;0;1;0;;0;0;3,765;0.064;0;0;23.07;17;22,895;0:08:04;350;3.14
meElooZsN8o;‚úÇÔ∏è  C√≥mo RECORTAR IM√ÅGENES complejas en COREL DRAW ‚ñ∂ DelcaVideography [*MUY F√ÅCIL* üòâ];Sep 3, 2019;1;100;1;1.81;497;9;11.9;42;5;100;0;6;0;;0;4;1,488;0.874;0;5;34.81;576;447,195;0:04:39;3258;11.66
qb1g0l0s-8M;üëâüèº AS√ç puedes CREAR EFECTOS INCRE√çBLES Y COMPLEJOS üòÆ en CorelDRAW  ‚ñ∂ TUTORIAL | DelcaVideography;May 31, 2022;2.27;44;1;0;45;0;0;3;0;100;0;5;0;;0;5;1,553;0.151;0;1;33.55;105;101,281;0:05:47;1479;4.8
u9m74mmnEh0;ARTE DIGITAL para PRINCIPIANTES en Corel DRAW | DelcaVideography;Mar 3, 2020;10;10;1;0;6;0;;0;0;;0;0;0;;0;2;0.857;0.02;0;1;35.49;25;2,561;0:06:08;303;3.3
uKd41FnPlhU;‚úçüèºAPRENDE a CREAR LOGOS SIMPLES üîë si haces ESTO ‚ñ∂ TUTORIAL CorelDRAW | DelcaVideography;May 17, 2022;11.11;9;1;0;4;0;0;3;0;;0;0;0;;0;0;0.75;0.012;0;0;33.91;16;15,778;0:05:55;252;3.17
urCMc_IL9VU;12 NUEVAS funciones de Corel DRAW 2019 que DEBES SABER | DelcaVideography;Jul 23, 2019;14.29;7;1;0;29;0;;0;0;100;0;4;0;;0;1;3,759;0.205;0;0;22.53;64;64,648;0:06:03;1662;2.05
uzJhduFORZI;üíß Las MEJORES T√©cnicas para RENDERIZAR en CorelDRAW ‚ñ∂ LOGO TUTORIAL | DelcaVideography;Aug 3, 2021;14.29;7;1;0;7;0;;0;0;;0;0;0;;0;0;0.692;0.01;0;0;39.45;14;0.7257;0:03:06;116;4.31
-4ZZZKJBdP4;(AVANZADO) TUTORIAL 23 Corel DRAW X7: LOGO 3D PROFESIONAL;Jul 16, 2015;;0;0;0;28;0;;0;0;100;0;1;0;;0;1;1,473;0.103;0;0;17.91;76;56,866;0:04:29;1719;1.92
-5PYYhPKDQ0;üåü AMAZING PERSPECTIVE Tips ‚ñ∂ CREATE 3D TEXT in CorelDRAW | DelcaVideography;Sep 23, 2021;0;3;0;0;8;0;;0;0;;0;0;0;;0;0;1,333;0.008;0;0;72.48;4;0.608;0:09:07;151;2.65
-7bUAPgxpx8;üéû TUTORIAL CREA UN INTRO O OUTRO EN SONY VEGAS PRO üéû;Sep 20, 2016;;0;0;;0;0;;0;0;100;0;-1;0;;0;0;0.667;0.004;0;0;61.45;5;0.9013;0:10:48;67;5.97
 -FftNs-zJy4;üåü CorelDRAW FAST Techniques for Beginners ‚ñ∂ 3 MIN‚è∞ TUTORIAL OLYMPIC GAMES Logo | DelcaVideography;Aug 2, 2021;0;6;0;0;4;0;;0;0;100;0;1;0;;0;0;0.5;0.004;0;0;50.91;8;0.1991;0:01:29;193;2.59
 -klu27TmOyY;‚úíÔ∏èAPRENDE a ILUSTRAR AS√ç en CorelDRAW ‚úçÔ∏è TRUCOS & CONSEJOS CLAVE ‚ñ∂ DelcaVideography;Sep 16, 2021;;0;0;;0;0;;0;0;;0;0;0;;0;0;7;0.014;0;0;12.11;2;0.0803;0:02:24;127;1.57
0DQX4yw1VHs;‚úÖ Te Ense√±o a DISE√ëAR LOGO Tipogr√°fico con esta T√âCNICA üòÆ en COREL DRAW [F√ÅCIL!!!];Feb 10, 2016;;0;0;0;4;0;;0;0;;0;0;0;;0;0;1.5;0.008;0;0;24.34;6;0.4966;0:04:57;203;1.48
0FB6f326MhU;‚úíÔ∏èLOGOTYPE CONCEPT | MAZE Visual Studios COREL DRAW Tutorial | DelcaVideography;Jul 14, 2020;0;3;0;;0;0;;0;0;;0;0;0;;0;0;0;0;0;0;50.01;2;0.3184;0:09:33;84;1.19
0Hhq3OPWyLM;üî• CorelDRAW ADVANCE Techniques for Beginners & Experts | LOGO TUTORIAL ‚ñ∂ DelcaVideography;Aug 10, 2021;;0;0;;0;0;;0;0;;0;0;0;;0;0;0;0;0;0;4.2;4;0.055;0:00:49;73;2.74
0Rb7hTLzhcw;(B√ÅSICO) TUTORIAL COREL DRAW X6, X7, X8: TRI√ÅNGULO 3D - ILUSI√ìN √ìPTICA;Jan 10, 2017;0;6;0;0;7;0;;0;0;100;0;2;0;;0;0;0.4;0.022;0;0;24.39;22;17,962;0:04:53;336;2.08
0ZNtr90_roU;‚òÑ Tips B√ÅSICOS para CREAR LOGOS EFICIENTES ‚ñ∂ TUTORIAL CorelDRAW  | DelcaVideography;Aug 19, 2021;;0;0;0;3;0;;0;0;;0;0;0;;0;1;2,667;0.008;0;0;28.11;4;0.109;0:01:38;129;2.33
0slsGhZDC1Q;üèÉüèº‚Äç‚ôÇÔ∏èüö¥üèº‚Äç‚ôÇÔ∏èConstruye AS√ç DISE√ëO de LOGOS | DelcaVideography ‚ñ∂ Short;Feb 26, 2022;;0;0;;0;0;;0;0;100;0;1;58;46.55;0;0;0.036;0.001;0;0;59.42;30;0.1931;0:00:23;803;1.99
18thFucluho;(INTERMEDIO) DISE√ëO DE MANDALAS TUTORIAL COREL DRAW X4, X5, X6 ,X7 y X8;Mar 15, 2016;;0;0;0;27;0;;0;0;100;0;-1;0;;0;0;1,238;0.056;0;1;20.47;25;25,518;0:06:07;414;3.86
1M4Smk6qqDQ;(B√ÅSICO) TUTORIAL 9 COREL DRAW X7: DISE√ëANDO FLECHAS 3D;Nov 11, 2015;;0;0;0;5;0;;0;0;100;0;1;0;;0;0;0.4;0.002;0;1;39.07;5;0.6077;0:07:17;198;1.52
1PW1vssFdXg;EFECTO CALEIDOSCOPIO EN VEGAS PRO | DelcaVideography;Nov 13, 2018;;0;0;0;2;0;;0;0;;0;0;0;;0;0;0;0.004;0;0;18.37;11;0.4714;0:02:34;64;7.81
1WflrST7JBI;üéßüîä Te MUESTRO C√ìMO INSTAL√â las Espumas Ac√∫sticas en mi ESTUDIO ‚ö° | DelcaVideography;Apr 21, 2022;;0;0;;0;0;;0;0;;0;0;0;;0;0;0;0;0;0;30.4;1;0.0272;0:01:37;65;1.54
1ZN1Y0ItkDE;üåü CONOCE el Nuevo DIBUJO en PERSPECTIVA de CorelDRAW 2021 ‚ñ∂ DelcaVideography;Mar 16, 2021;0;9;0;0;20;0;;0;0;100;0;1;0;;0;0;0.594;0.029;0;0;38.98;35;20,199;0:03:27;488;4.51
2-Ti61NuA0E;ü¶é LOGO CONCEPTUAL [PASO a PASO y desde CERO ‚úçüèº] en Adobe ILLUSTRATOR ‚ñ∫ DelcaVideograhy [*BRUTAL üò≤*];Sep 8, 2020;0;3;0;0;2;0;;0;0;;0;0;0;;0;0;0;0;0;0;39.66;3;0.1339;0:02:40;95;1.05
2GXmgcRp0Pk;5 EFECTOS ESPECIALES DE SUPERPOSICI√ìN QUE DEBES APRENDER en Vegas Pro | DelcaVideography;Nov 20, 2018;;0;0;0;15;0;;0;0;;0;0;0;;0;0;0.364;0.009;0;0;24.13;15;0.4795;0:01:55;181;2.76
2UmUQfz4E5Y;üéÉ Dise√±a tu LOGO para HALLOWEEN en Corel Draw | DelcaVideography üï∏;Oct 16, 2018;;0;0;;0;0;;0;0;;0;0;0;;0;0;0.167;0.001;0;0;24.48;7;0.3046;0:02:36;179;2.79
2cezrwygTTs;C√ìMO A√ëADIR SUBT√çTULOS A UN VIDEOCLIP: TUTORIAL SONY VEGAS PRO 11, 12 Y 13;Jun 4, 2015;;0;0;0;9;0;;0;0;100;0;1;0;;0;0;0.533;0.011;0;1;19.79;16;0.9075;0:03:24;256;1.95
2mvp-QaLOT4;C√≥mo hacer El Efecto TRAP en Vegas Pro | DelcaVideography;May 22, 2018;;0;0;0;3;0;;0;0;;1;-1;0;;0;0;0;0;0;0;15.83;2;0.0861;0:02:34;34;0
34oSrvGeogo;‚ú®‚úî APLICA TODAS las T√âCNICAS para CREAR LOGOS en CorelDRAW ‚ñ∂ TUTORIAL |DelcaVideography;Apr 5, 2022;;0;0;0;7;0;;0;0;;0;0;0;;0;0;0.727;0.008;0;0;42.1;11;0.858;0:04:40;165;2.42
3F4NMowLEb0;(INTERMEDIO) TUTORIAL 11 CorelDRAW X6, X7 en Espa√±ol: LOGO COPA AM√âRICA CHILE 2015;May 14, 2015;;0;0;0;5;0;;0;0;;0;0;0;;0;0;0;0;0;0;99.97;1;0.4884;0:29:18;69;0
3Q9OOn1GXQc;DISE√ëO GEOM√âTRICO FUTURISTA en @CorelDRAWchannel  TUTORIAL | DelcaVideography;Mar 17, 2020;;0;0;;0;0;;0;0;;0;0;0;;0;0;1;0.001;0;0;7.26;1;0.0297;0:01:46;112;0.89
3UjHDheSc2o;AVENGERS | C√≥mo crear las Gemas del Infinito | TUTORIAL COREL DRAW;Apr 24, 2018;;0;0;0;2;0;;0;0;100;0;1;0;;0;0;2.25;0.009;0;0;40.11;4;0.4368;0:06:33;129;0.78
3vHueTaZ__4;(INTERMEDIO) TUTORIAL 9 CorelDRAW X7: LOGO + EFECTO 3D;Aug 10, 2014;;0;0;;0;0;;0;0;100;0;1;0;;0;0;0;0;0;0;44.98;3;0.349;0:06:58;152;1.32
48x1yMiRKTE;Phantom 2 GoPro Hero 3 First Flight;May 20, 2014;;0;0;;0;0;;0;0;;0;0;0;;0;0;0;0;0;0;3.68;1;0.0041;0:00:14;8;12.5
4AqdI-t6S9c;‚ö° El TUTORIAL que te CONVERTIR√Å en PRO  ‚ñ∂ Debes VERLO üëâüèº CorelDRAW | DelcaVideography;Jun 28, 2022;;0;0;;0;0;;0;0;100;0;-1;0;;0;0;0;0.001;0;0;4.51;4;0.0684;0:01:01;139;2.88
4QfQjGVMUqA;‚ö° HAZLO SIMPLE [Dise√±o de LOGOS] ‚ñ∂ Short | DelcaVideography;Jun 23, 2022;0;2;0;;0;0;;0;0;;0;0;0;;0;0;0;0;0;0;56.52;4;0.0446;0:00:40;82;2.44
4UmXw86JvzU;üöÄ LITTLE MONSTER SPEEDRUN TUTORIAL in COREL DRAW | DelcaVideography;Dec 10, 2019;0;9;0;0;14;0;;0;0;;0;0;0;;0;0;8,833;0.054;0;0;61.05;8;0.8493;0:06:22;62;4.84
4aIJmmpUBjY;‚ô•Ô∏è Nuevo LOGO + nuevo Tutorialüëè „Äã LoveSick | DelcaVideography;Oct 1, 2021;;0;0;;0;0;;0;0;;0;0;1;0;0;0;;0;0;0;;0;0;;58;0
4fvtc51Tn3c;C√≥mo CREAR video ANIMACIONES en Vegas Pro | DelcaVideography;Nov 19, 2019;;0;0;0;1;0;;0;0;;0;0;0;;0;0;0.235;0.004;0;0;13.3;21;10,455;0:02:59;114;9.65
4oAC_IUKdss;‚úî‚ú® Aprende LA T√âCNICA CREATIVA para CREAR LOGOS GRATIS en CorelDRAW ‚ñ∂ TUTORIAL | DelcaVideography;Dec 2, 2021;;0;0;0;3;0;;0;0;;0;0;0;;0;0;6;0.046;0;0;39.79;10;0.7272;0:04:21;239;4.18
4q2V-AY2EYo;ü§Ø Nueva SERIE en DelcaVideography ‚ñ∂ LOGOS EXPRESS ‚Ä∫‚Ä∫ Parte 1 ‚Äπ‚Äπ SHORTS;Jul 30, 2021;;0;0;;0;0;;0;0;;0;0;1;100;0;0;0;0;0;0;19.83;1;0.0033;0:00:11;21;0
4vw6b1iTE3I;C√≥mo crear una Composici√≥n en Corel DRAW | DelcaVideography;May 29, 2018;0;8;0;0;9;0;;0;0;100;0;1;0;;0;1;1,111;0.031;0;0;31.6;22;16,378;0:04:28;239;4.18
5i5xOm8DyII;‚ö° CorelDRAW ‚Ä∫NEW YORK CITY‚Äπ üóΩ Retro NEON Design TUTORIAL ‚ñ∂ DelcaVideography;Sep 7, 2021;0;3;0;;0;0;;0;0;100;0;2;0;;0;0;0.8;0.006;0;0;37.8;6;0.7076;0:07:04;181;2.76
5lzcNprr2R8;‚≠ê 7 TIPS INDISPENSABLES para DISE√ëAR en CorelDRAW ‚ñ∂ TUTORIAL | DelcaVideography;Aug 16, 2022;0;9;0;0;6;0;;0;0;;0;0;0;;0;0;0.588;0.01;0;0;34.8;17;22,171;0:07:49;263;2.66
5tssegaC3Z8;(INTERMEDIO) LOGO NE√ìN COREL DRAW X7 X8 TUTORIAL;Sep 27, 2016;;0;0;0;2;0;;0;0;100;0;1;0;;0;0;5.8;0.034;0;0;26.71;8;0.5395;0:04:02;174;3.45
5x6LzuCMofo;üíî BROKEN HEART üíî LOGO TUTORIAL COREL DRAW (B√ÅSICO);Jul 18, 2017;0;9;0;0;32;0;;0;0;;0;0;0;;0;0;0.286;0.004;0;0;58.45;15;19,191;0:07:40;143;1.4
64COMqKhPds;üê±‚Äçüë§Con estos M√âTODOS PR√ÅCTICOS üßê puedes DISE√ëAR LOGOS F√°cilmente en CorelDRAW | DelcaVideography;Oct 28, 2021;;0;0;;0;0;;0;0;;0;0;0;;0;0;0;0.001;0;0;11.95;5;0.0851;0:01:01;103;1.94
67Ta2UltQK0;üòú Te ense√±o el BORRADOR de un archivo de CorelDRAW | DelcaVideography;Sep 21, 2021;;0;0;;0;0;;0;0;100;0;1;31;51.61;0;0;0;0;0;2;41.71;17;0.1162;0:00:24;459;1.96
6LsMgi-fDZQ;‚ö°Ô∏è 5 EFECTOS CINEM√ÅTICOS ESENCIALES (HITFILM): TUTORIAL VEGAS PRO  ú·¥Ö;Oct 10, 2017;0;3;0;0;5;0;;0;0;;0;0;0;;0;0;0.111;0.001;0;0;12.27;12;0.2474;0:01:14;138;4.35
6Qel8vI6_ag;‚úÖ  C√≥mo hacer MOTION GRAPHIC ANIMATION en VEGAS PRO ‚ñ∫ INTRO para tus V√çDEOS ü§üüèºDelcaVideography;Jan 29, 2019;0;8;0;0;64;0;;0;0;-100;-2;1;0;;1;3;1,485;0.298;0;2;12.58;219;102,966;0:02:49;3892;4.24
6jotSuqAjHc;CREA UNA INTRO Profesional: SONY VEGAS PRO 10, 11, 12, 13;Feb 5, 2015;;0;0;;0;0;;0;0;;0;0;0;;0;0;0.25;0.002;0;0;2.76;8;0.1305;0:00:58;133;2.26
6my2PObwnlY;‚ö° DIBUJAR en CorelDRAW ‚ñ∂ Short | DelcaVideography;Jul 9, 2022;0;2;0;;0;0;;0;0;;0;0;0;;0;0;0;0;0;0;31.13;1;0.0061;0:00:22;88;1.14
6naaK-WHF2M;üé±ü•å La MEJOR FORMA de APLICAR TEXTURAS 3D ‚öô a LOGOS en CorelDRAW | DelcaVideography;Nov 2, 2021;0;12;0;0;27;0;;0;0;100;0;1;0;;0;0;1,292;0.031;0;0;39.04;25;19,305;0:04:37;321;6.23
6uIbRw4d6T4;C√≥mo aplicar C√ÅMARA LENTA a tus v√≠deos en Vegas Pro (SLOW MOTION) | DelcaVideography;Jul 10, 2018;0;12;0;0;40;0;;0;0;100;0;1;0;;0;0;0.578;0.049;0;0;19.76;88;35,977;0:02:27;572;12.76
6yA8gjsJws4;‚úî Estos son los PASO a PASO para CONSTRUIR LOGOS en CorelDRAW | DelcaVideography;Dec 9, 2021;0;62;0;0;90;0;;0;0;100;0;1;0;;1;0;1,843;0.338;0;0;34.58;200;124,094;0:03:43;1665;4.2
7600RPZDWbU;STAR WARS Lucasfilm INTRO tutorial - Vegas Pro | DelcaVideography;May 28, 2019;0;3;0;0;5;0;;0;0;;0;0;0;;0;0;0.154;0.004;0;0;10.29;15;0.4558;0:01:49;112;10.71
7HXsIyciyG0;‚úÖ USA estas T√âCNICAS de DIBUJO para DISE√ëAR como PRO üòé en CorelDRAW ‚ñ∫ TUTORIAL | DelcaVideography;Nov 17, 2021;0;9;0;0;13;0;;0;0;;0;0;0;;0;0;2,077;0.027;0;0;26.38;14;0.5591;0:02:23;135;5.93
7nF_xuJXP2Y;CorelDRAW MAGIC ‚Ä∫‚Ä∫Text EFFECT‚Äπ‚Äπ üåü TIPS Tutorial ‚ñ∂ DelcaVideography;Sep 2, 2021;;0;0;;0;0;;0;0;;0;0;0;;0;0;0;0;0;0;1.31;1;0.0015;0:00:05;103;0
7zv_dRp9GRQ;üíö CorelDRAW EASIEST Techniques for Beginners & Experts (üíó+üéÄ) ‚ñ∂ LOGO Tutorial | DelcaVideography;Jul 21, 2021;0;6;0;;0;0;;0;0;;0;0;0;;0;0;5,375;0.043;0;0;30.71;8;0.3856;0:02:53;92;7.61
82820PmkxKE;LOGO √ÅRBOL NE√ìN / NEON TREE TUTORIAL: COREL DRAW üå¥;Dec 4, 2017;;0;0;0;5;0;;0;0;;0;0;0;;0;0;0.5;0.004;0;0;8.35;10;0.3883;0:02:19;219;3.2
87G3DTYx9zU;(AVANZADO) üí• SUNFLAME PROFESIONAL LOGO TUTORIAL: COREL DRAW;May 2, 2017;0;3;0;0;5;0;;0;0;;0;0;0;;0;0;0;0;0;0;50.02;2;0.2854;0:08:33;46;4.35
8Kjxeq20oKs;üíö Esta Es TODA La LISTA De FORMAS B√ÅSICAS en CorelDRAW  @DelcaX;Dec 6, 2022;;0;0;;0;0;;0;0;;0;0;2;50;0;0;0;0;0;0;76.32;2;0.0225;0:00:40;121;0.83
8L6ahg2eHBc;üñ± EFECTO de PROYECCI√ìN B√ÅSICA ‚ñ∂ Tips para DISE√ëAR en CorelDRAW | DelcaVideography;Sep 21, 2021;0;3;0;;0;0;;0;0;;0;0;0;;0;0;0.5;0.001;0;0;75.08;2;0.1748;0:05:14;123;0.81
8NdzbkCYcwo;ü§òüèº LOGO MAPACHE WIFI #shorts  ‚ñ∂ Tutorial CorelDRAW | @DelcaX;Sep 24, 2022;;0;0;;0;0;;0;0;;;;0;;;;;0;;;;0;0;;115;0
8XII3TlbnjM;NEUMORFISMO | NUEVA TENDENCIA DE DISE√ëO | Adobe Illustrator TUTORIAL | DelcaVideography;Apr 7, 2020;;0;0;;0;0;;0;0;;0;0;0;;0;0;3;0.006;0;0;52.19;3;0.4684;0:09:22;68;2.94
8ZKIBOf72I0;üåü Conoce la Nueva COLABORACI√ìN de TRABAJO REMOTO en CorelDRAW 2021 ‚ñ∂ DelcaVideography;Apr 6, 2021;;0;0;0;1;0;;0;0;;0;0;0;;0;0;0.333;0.002;0;0;33.1;6;0.1832;0:01:49;240;0.83
8_ScePbIx9A;MARVEL THE AVENGERS | How to create the WIPE OUT EFFECT | DelcaVideography;Apr 9, 2019;0;4;0;0;5;0;;0;0;;0;0;0;;0;0;4.4;0.022;0;0;20.45;5;0.2969;0:03:33;41;2.44
8iGjHpBpxQ4;(INTERMEDIO) ASUS LOGO COREL DRAW TUTORIAL;Apr 18, 2017;0;3;0;0;5;0;;0;0;;0;0;0;;0;0;0.2;0.001;0;0;21.2;5;0.6008;0:07:12;114;1.75
8lb0Vv7w5BU;üî¥ C√≥mo funciona la PERSPECTIVA de 1 punto de fuga ‚ñ∑ Tutorial CorelDRAW 2021;Apr 25, 2021;;0;0;;0;0;;0;0;;0;0;0;;0;0;1.5;0.006;0;0;9.47;4;0.0423;0:00:38;109;1.83
8okxEyrHamU;Te muestro C√≥mo Crear este LOGOTIPO üèãüèº‚Äç‚ôÇÔ∏è [ORIGINAL‚ö° ] Paso a Paso (F√ÅCIL!!!) ‚ñ∂ Corel DRAW;Apr 19, 2016;;0;0;0;4;0;;0;0;100;0;1;0;;0;0;0;0;0;0;29.14;3;0.2586;0:05:10;70;2.86
9DTxDa4rvUA;‚ùé La MEJOR GU√çA para CREAR el LOGO de XBOX [*PASO a PASO* üéÆ] ‚ñ∂ Corel DRAW;Oct 11, 2016;;0;0;;0;0;;0;0;;0;0;0;;0;0;2,556;0.023;0;0;8.79;10;0.3661;0:02:11;165;1.21
9ECLhtcc-PI;C√ìMO CREAR UNA COMPOSICI√ìN CON TEXTO EN COREL DRAW | DelcaVideography;Jan 15, 2019;;0;0;0;16;0;;0;0;100;0;1;0;;0;0;0.935;0.03;0;1;24.36;34;20,246;0:03:34;541;2.03
9OONS6UnE8E;ü§î USA esta forma para CREAR DISE√ëOS | DelcaVideography;Mar 25, 2022;;0;0;;0;0;;0;0;100;0;4;115;63.48;0;0;0.015;0.001;0;0;68.29;76;0.4469;0:00:21;1475;2.03
9Q3eATf-3bM;üî¥ Tutorial PERSPECTIVA de 3 puntos de fuga (vista de GUSANO üêõ) ‚ñ∑ CorelDRAW 2021;Apr 15, 2021;;0;0;0;4;0;;0;0;;0;0;0;;0;1;0.2;0.001;0;1;38.04;6;0.1857;0:01:51;102;2.94
9SKCAwbvsFI;‚≠ê Usa la HERRAMIENTA ORIGEN para OPTIMIZAR tu FLUJO de TRABAJO ‚ñ∂ CorelDRAW | DelcaVideography;Aug 23, 2022;;0;0;;0;0;;0;0;100;0;1;0;;0;2;2.25;0.02;0;0;10.49;9;0.2633;0:01:45;231;1.3
9TqoaxoutJA;‚ú®‚úî DISE√ëA como un PROFESIONAL si SIGUES estos PASOS en CorelDRAW ‚ñ∂ TUTORIAL | DelcaVideography;Mar 31, 2022;0;6;0;0;4;0;;0;0;100;0;1;0;;0;2;1,444;0.018;0;1;56.97;10;15,747;0:09:26;163;4.91
9oL6IgrDyvI;LOGO DRAGON BALL Z: (AVANZADO) TUTORIAL 22 Corel DRAW X7, X6, X5 y X4;Jun 28, 2015;;0;0;;0;0;;0;0;;0;0;0;;0;0;2,917;0.035;0;0;7.75;13;0.3818;0:01:45;160;2.5
A3EcbAtfA2Q;How to create a 3D figure in Corel DRAW | DelcaVideography;Mar 19, 2019;;0;0;0;11;0;;0;0;;0;0;0;;0;0;1,211;0.023;0;0;12.13;22;12,114;0:03:18;309;1.94
AgO_4uG4PEs;KAME HAME HA EFFECT PHOTOSHOP TUTORIAL;May 3, 2016;;0;0;;0;0;;0;0;;0;0;0;;0;0;0.25;0.001;0;0;15.09;6;0.3138;0:03:08;68;4.41
Am9vL-IMsm8;üîå Descubre c√≥mo CREAR este LOGOTIPO [PASO a PASO y desde CERO ‚úçüèº] Corel DRAW ‚ñ∫ DelcaVideography ‚ñ∂Ô∏è;Jun 30, 2020;;0;0;;0;0;;0;0;;0;0;0;;0;0;3;0.015;0;0;12.9;5;0.2434;0:02:55;137;2.19
B9u1hnjBZLI;(BASIC) TUTORIAL 1 CorelDRAW X7 BASIC STEPS FOR BEGINNERS ENGLISH;Sep 4, 2015;;0;0;0;6;0;;0;0;;0;0;0;;1;0;0.967;0.215;0;0;14.4;32;12,828;0:02:24;176;2.84
BHSm-5DJj84;Sistema de transporte Metropolitano EMT Valencia;Dec 22, 2011;;0;0;;0;0;;0;0;;0;0;0;;0;0;0;0;0;0;70.42;4;0.1056;0:01:35;78;5.13
BN-YwXmzfOk;(AVANZADO) TUTORIAL 30 COREL DRAW X7: LOGO 3D PROFESIONAL (ROYALE);Jul 23, 2015;;0;0;0;27;0;;0;0;100;0;2;0;;0;0;1,511;0.071;0;0;17.89;47;27,357;0:03:29;756;4.37
BQniSD1h1VA;üëâüèº Conoce las VENTAJAS üíö & DESVENTAJAS üíî de Corel Draw ‚ñ∂ DelcaVideography;Apr 26, 2021;0;88;0;0;104;0;;0;0;100;0;1;0;;0;0;1.5;0.112;0;0;59.04;78;43,879;0:03:22;1390;3.24
BSPoVGqkK6g;‚úÖ Con esta P√ÅGINA puedes GRABAR tu PANTALLA y EDITAR tus videos ONLINE y GRATIS |  DelcaVideography;Nov 3, 2020;;0;0;;0;0;;0;0;;0;0;0;;0;0;0;0;0;0;0.41;1;0.0007;0:00:02;23;0
BYDG8b0_Njg;Reemplazo de COLOR F√ÅCIL - YOUTUBE SHORT ‚ñ∫ DelcaVideography;Jul 21, 2021;;0;0;;0;0;;0;0;;0;0;1;100;0;0;0;0;0;0;49.66;1;0.008;0:00:28;8;0
Bca1yoEj0H8;C√≥mo crear escena de Acci√≥n en Vegas PRO: Esquivando balas en c√°mara lenta;Apr 17, 2018;;0;0;;0;0;;0;0;;;;0;;;;;0;;;0.12;1;0.0007;0:00:02;33;0
Bq3e_sM1QlA;üòÅ DEBES PROBAR este EDITOR de VIDEOS Online GRATUITO | DelcaVideography;Oct 27, 2020;;0;0;0;1;0;;0;0;100;0;1;0;;0;0;0.083;0.001;0;0;4.67;16;0.3243;0:01:12;43;4.65
BrlvJg3WHvA;INTRO MARVEL ANIMACI√ìN TUTORIAL: SONY VEGAS PRO  11, 12 y 13;Jun 10, 2015;;0;0;0;27;0;;0;0;;0;0;0;;0;1;1,189;0.066;0;0;16.36;59;25,117;0:02:33;734;5.04
C5OH-NThpmo;üéµ C√≥mo CREAR EFECTOS & ANIMACIONES INCRE√çBLES ü§© para VIDEOS MUSICALES ‚ñ∫ Sony VEGAS PRO üòé;Oct 15, 2019;0;12;0;0;96;0;;0;0;100;0;7;0;;0;1;1,038;0.35;0;6;15.27;349;18,503;0:03:10;5010;4.83
C84BOPSTqwU;APRENDE a CREAR (*PASO a PASO ‚ö°) este LOGO PROFESIONAL en Corel DRAW [F√ÅCIL & Bien Explicado!!! üî•];Jun 21, 2016;;0;0;0;5;0;;0;0;;0;0;0;;0;0;1,333;0.004;0;0;28.02;3;0.3526;0:07:03;164;1.83
C9jBrGCi2LE;üßê Sigue ESTE ORDEN en tus PROYECTOS ‚≠ê para CREAR LOGOS AS√ç en CorelDRAW | DelcaVideography;Mar 3, 2022;0;3;0;0;7;0;;0;0;;0;0;0;;0;0;0;0;0;0;36.93;4;0.5051;0:07:34;129;1.55
CJ_KQxr4OpQ;üí° Los mejores trucos y consejos para dise√±ar logos vectoriales profesionales üí™ @DelcaX;Jan 7, 2023;;0;0;;0;0;;0;0;;0;0;37;78.38;0;0;0;0;0;0;60.72;31;0.3137;0:00:36;695;2.16
CiBsoRP3z_w;DIY C√≥mo dise√±ar tu propio PAPEL TAPIZ/WALLPAPER en Corel DRAW | DelcaVideography;May 21, 2019;;0;0;0;2;0;;0;0;;0;0;0;;0;0;0.611;0.011;0;0;26.65;21;14,193;0:04:03;164;4.27
CmV811Q-oZw;‚òÅÔ∏è EFECTO NUBE DE PENSAMIENTO ANIMADA en Vegas Pro | DelcaVideography ‚òÅÔ∏è;Nov 27, 2018;;0;0;;0;0;;0;0;;0;0;0;;0;0;1,667;0.015;0;0;11.24;10;0.2242;0:01:20;77;3.9
CoRu0b3xQjA;üéá COMBINA estas T√âCNICAS para *CREAR LOGOS INCRE√çBLES* en CorelDRAW | DelcaVideography;Oct 14, 2021;0;6;0;0;5;0;;0;0;;0;0;0;;0;0;1,429;0.011;0;0;19.39;10;0.5277;0:03:09;184;4.35
DLTqKCnoXgs;üéû ANIMA Im√°genes PUBLICITARIAS desde CASA con VEGAS PRO | DelcaVideography;Apr 21, 2020;;0;0;0;2;0;;0;0;;0;0;0;;0;0;1,238;0.03;0;0;19.61;23;16,912;0:04:24;370;4.86
DTghfyfXNoQ;‚ö° Contrucci√≥n de LOGOS PASO a PASO en CorelDRAW ‚ñ∂ SHORTS | DelcaVideography;Apr 14, 2022;;0;0;;0;0;;0;0;;0;0;23;65.22;0;0;0;0;0;0;75.42;15;0.1634;0:00:39;549;1.28
DWmNpU8Amco;üßê PRESTA mucha ATENCI√ìN a estos DETALLES para DISE√ëAR LOGOS en CorelDRAW üò±| DelcaVideography;Jan 20, 2022;0;17;0;0;20;0;0;3;0;;0;0;0;;0;0;1,741;0.047;0;0;52.2;28;40,887;0:08:45;463;4.97
DZSJcMCthRM;‚úîüëç 15 Nuevos TRUCOS de VEGAS PRO que DEBES SABER [*PARTE 2*] ‚ñ∫ DelcaVideography;Sep 19, 2017;0;24;0;0;43;0;;0;0;;0;0;0;;0;0;1,242;0.041;0;0;44.85;36;34,174;0:05:41;573;4.19
Do2AMCc7TaM;üåä Crea [PASO a PASO y desde CERO ‚úçüèº] este INCRE√çBLE LOGOTIPO en Corel DRAW | DelcaVideography;Nov 18, 2020;;0;0;0;4;0;;0;0;;0;0;0;;0;0;1;0.012;0;0;13.93;15;11,797;0:04:43;343;2.04
DpuEqUy3IsQ;‚ö° C√≥mo CREAR 7 EFECTOS GLITCH PRO con MOVAVI Video Editor Plus 2022 ‚ñ∂ TUTORIAL | DelcaVideography;Feb 8, 2022;;0;0;;0;0;;0;0;100;0;1;0;;0;0;0.875;0.011;0;1;23.83;9;0.4302;0:02:52;173;4.05
E2NgvYy16J0;üî• CorelDRAW KEY Techniques for Beginners & Experts ‚ñ∂ LOGO TUTORIAL | DelcaVideography;Aug 12, 2021;;0;0;;0;0;;0;0;;0;0;0;;0;0;0;0;0;0;8.35;1;0.0116;0:00:41;79;1.27
E6A6CB0_ddM;üßê DOMINA las MEJORES T√âCNICAS para CREAR LOGOS en CorelDRAW ‚ñ∂ TUTORIAL | DelcaVideograhy;Nov 4, 2021;0;8;0;0;9;0;;0;0;100;0;1;0;;0;0;2,375;0.038;0;1;25.24;17;0.8797;0:03:06;172;4.65
ERa04nuf9lo;C√≥mo ROMPER el ESCUDO del CAPIT√ÅN AM√âRICA en Corel DRAW | DelcaVideography;May 6, 2019;;0;0;;0;0;;0;0;;0;0;0;;0;0;0.5;0.001;0;0;4.06;3;0.0237;0:00:28;100;3
E_i_qR73Q9g;üèÉüèº‚Äç‚ôÇÔ∏èüö¥üèº‚Äç‚ôÇÔ∏è Creaci√≥n de DISE√ëO CREATIVO de LOGOS | DelcaVideography ‚ñ∂ Short;Feb 28, 2022;;0;0;;0;0;;0;0;;0;0;2;50;0;0;0;0;0;0;76.34;2;0.0131;0:00:23;106;0
EetpcWHa3QM;‚≠ê HERRAMIENTAS CLAVE para DISE√ëAR  ‚ñ∂ Short | DelcaVideography;Aug 7, 2022;;0;0;;0;0;;0;0;;0;0;0;;0;0;0.5;0.001;0;0;22.15;2;0.0089;0:00:15;96;1.04
EncVwqu2W6E;‚úî‚ú®Sigue estos M√âTODOS ESENCIALES para CREAR LOGOS en CorelDRAW ‚ñ∂ TUTORIAL | DelcaVideography;Feb 10, 2022;;0;0;;0;0;;0;0;;0;0;0;;0;0;1.5;0.003;0;0;7.05;2;0.0395;0:01:11;181;1.1
EnxrHicdECg;‚≠ê Haz tus DISE√ëOS con PROPORCI√ìN √ÅUERA ‚ñ∂ Tutorial CorelDRAW | DelcaVideography;Oct 4, 2022;0;6;0;0;2;0;;0;0;;0;0;0;;0;0;0.714;0.005;0;0;29.11;7;0.3707;0:03:10;221;1.81
EtG6UdyZmPE;üåå APRENDE a Crear ANILLO 3D [PASO a PASO y desde CERO ‚úçüèº] Adobe ILLUSTRATOR ‚ñ∫ DelcaVideography;Sep 22, 2020;;0;0;;0;0;;0;0;;0;0;0;;0;0;0;0;0;0;11.62;7;0.0904;0:00:46;75;2.67
EyXoJv2ZJj4;‚ö° CorelDRAW BEST Techniques for BEGINNERS & EXPERTS TUTORIAL YIN YANG TUTORIAL (2021) ‚òØ;Jun 29, 2021;;0;0;0;2;0;;0;0;;0;0;0;;0;0;0;0;0;0;17.76;2;0.0406;0:01:13;86;1.16
F0dWekSrPIY;TUTORIAL: HOW TO CREATE MAGIC TEXT in Corel DRAW | DelcaVideography;Apr 2, 2019;0;4;0;0;7;0;;0;0;;0;0;0;;0;0;2,125;0.02;0;0;32.84;16;12,961;0:04:51;320;3.13
F3ramEZDKl8;C√ìMO A√ëADIR TEXTO A CUALQUIER COSA: TUTORIAL PHOTOSHOP para principiantes;Apr 15, 2015;;0;0;0;1;0;;0;0;;0;0;0;;0;0;1,333;0.016;0;0;49.01;12;13,217;0:06:36;114;3.51
FC8Ys6hqa2c;üî• Sigue esta ESTRATEGIA para CREAR tus LOGOS (Bien EXPLICADO‚ö°) en CorelDRAW | DelcaVideography;Jan 25, 2022;0;23;0;3.33;30;1;0;3;0;100;0;4;0;;1;2;1,643;0.171;0;1;29.12;107;127,409;0:07:08;1711;4.44
FH_mrkzDz5g;ü§òüèº APRENDE a Dise√±ar LOGOS como este F√ÅCILMENTE ‚ñ∂ Tutorial CorelDRAW | DelcaVideography;Sep 20, 2022;0;12;0;0;2;0;;0;0;100;0;-1;0;;0;0;0.556;0.006;0;0;30.55;12;0.4592;0:02:17;286;4.2
FYS3pPudW10;üòé As√≠ FUNCIONAN los PAQUETES de EFECTOS de MOVAVI ‚ñ∂ | DelcaVideography;Feb 22, 2022;;0;0;0;4;0;;0;0;;0;0;0;;0;0;0.95;0.021;0;0;20.22;25;0.6514;0:01:33;123;8.94
FbvyinTHFhc;‚åò INFINITY LOOP LOGO: TUTORIAL COREL DRAW ü•®;Dec 12, 2017;;0;0;0;3;0;;0;0;;0;0;0;;0;0;1,875;0.015;0;0;13.86;8;0.5689;0:04:16;218;2.29
FhNdnP77p4M;‚ú®‚úî ARMONIZA tus DISE√ëOS si usas estas T√âCNICAS para CREAR LOGOS en CorelDRAW | DelcaVideography;Feb 24, 2022;;0;0;;0;0;;0;0;;0;0;0;;0;0;0;0;0;0;2.2;1;0.0091;0:00:32;179;0.56
Fr9VZumHykY;‚ö° 3 CONSEJOS CLAVE para CREAR LOGOS en CorelDRAW ‚ñ∂ TUTORIAL | DelcaVideography;Aug 30, 2022;0;3;0;0;3;0;;0;0;100;0;1;0;;0;0;0.091;0.001;0;0;21.43;11;0.6843;0:03:43;178;2.81
G-NeLq9imRo;[ü™Ä Tutorial Pr√°ctico] ‚ñ∂ APRENDE el PODER del CHROMA KEY + VEGAS [CASERO & B√ÅSICO üòÄ] DelcaVideography;Oct 20, 2020;;0;0;0;2;0;0;4;0;;0;0;0;;0;0;0.143;0.001;0;0;23.37;8;0.4829;0:03:37;104;3.85
G86bJJ4eEqY;üì∑ TODO LO QUE NECESITAS SABER PARA USAR TU GOPRO üì∑;May 23, 2017;;0;0;0;3;0;;0;0;;0;0;0;;0;0;3,286;0.023;0;0;23.87;7;0.5329;0:04:34;28;7.14
GPQoB_lClDA;‚úÖ Te ense√±o los SECRETOS üîÆ para DISE√ëAR un LOGO para ‚ñ∂ PRINCIPIANTES [2021];May 2, 2015;;0;0;0;12;0;;0;0;;0;0;0;;0;0;0.882;0.016;0;0;17.16;20;10,743;0:03:13;123;1.63
GuGi6v3zUa0;üåü DESCUBRE el Nuevo MULTIP√ÅGINA de CorelDRAW 2021 ‚ñ∂ DelcaVideography;Mar 18, 2021;0;17;0;0;19;0;;0;0;100;0;1;0;;0;0;5.25;0.063;0;0;61.59;14;0.6371;0:02:43;287;2.09
GvWl6xRiLlA;üí™üèº T√©cnicas para CREAR Logos Pro | Short ‚ñ∂ DelcaVideography;Jun 16, 2022;;0;0;;0;0;;0;0;;0;0;0;;0;0;0;0;0;0;47.54;2;0.0187;0:00:33;80;1.25
GvsRcuPy0bs;ü§Ø CONSEJOS PR√ÅCTICOS para CREAR LOGOS en CorelDRAW ‚ñ∂ TUTORIAL | DelcaVideography;Apr 19, 2022;0;8;0;0;4;0;;0;0;;0;0;0;;0;0;0.636;0.007;0;0;27.92;11;0.866;0:04:43;250;3.2
GxEo1VnicN4;üò≤ Herramienta Origen  ‚ñ∂ Short | DelcaVideography;Aug 27, 2022;0;2;0;;0;0;;0;0;;0;0;0;;0;0;0;0;0;0;116;2;0.0432;0:01:17;108;1.85
HHSy69q1AhQ;üíö Las 5 Opciones De La Herramienta COTAS en CorelDRAW @DelcaX‚Äã;Jan 24, 2023;0;12;0;;0;0;;0;0;;0;0;0;;0;0;1,722;0.069;0;0;44.03;21;17,363;0:04:57;827;2.18
H_QtdVBIk5k;‚ô®Ô∏é CREA Dise√±o [PASO a PASO y desde CERO ‚úçüèº] de LOGOTIPO en Corel DRAW ‚ñ∫ DelcaVideography;Nov 10, 2020;0;6;0;0;6;0;;0;0;;0;0;0;;0;0;0.2;0.003;0;0;42.12;16;24,185;0:09:04;217;1.84
I-YqZeUnnDc;üìΩ 10 ACCESORIOS QUE DEBES TENER PARA TU ESTUDIO AUDIOVISUAL;Nov 21, 2017;;0;0;;0;0;;0;0;;0;0;0;;0;0;3.5;0.007;0;0;6.22;2;0.0526;0:01:34;31;6.45
IGZB-kIGE6I;üö¥üèº‚Äç‚ôÇÔ∏èüèÉüèº‚Äç‚ôÇÔ∏è Proceso CONSTUCTIVO de LOGOS ‚úî | SHORTS ‚ñ∂ DelcaVideograhy;Mar 12, 2022;;0;0;;0;0;;0;0;;0;0;4;25;0;0;0;0;0;0;18.94;2;0.0049;0:00:08;41;0
IQvhkpTmMEg;üéûRASTREO DE MOVIMIENTO: BCC MATCH MOVE FX - SONY VEGAS PRO TUTORIALüéû;Mar 7, 2017;;0;0;0;2;0;;0;0;100;0;1;0;;0;2;0.625;0.005;0;0;8.68;13;0.3776;0:01:44;260;3.85
IVXlo92YC_8;YO ME QUEDO EN CASA - todos por una buena causa | DelcaVideography;Mar 24, 2020;;0;0;;0;0;;0;0;;0;0;0;;0;0;0;0;0;0;38.94;3;0.036;0:00:43;74;1.35
IW3avpiW1HI;(INTERMEDIO) TUTORIAL 17 Corel DRAW X6, X7: DISE√ëO VERS√ÅTIL - C√ìMO CREAR DISE√ëOS F√ÅCILES;Sep 27, 2014;;0;0;0;1;0;;0;0;;0;0;0;;0;0;0.667;0.004;0;0;32.94;6;1,244;0:12:26;73;1.37
I_NAZb6LYKM;üî• CorelDRAW BEST Techniques for Beginner & Experts TUTORIAL ‚ñ∂ S Loop (2021) üëâüèº DelcaVideography;Jul 8, 2021;0;3;0;0;2;0;;0;0;;0;0;0;;0;0;0.2;0.001;0;0;39.66;6;0.2472;0:02:28;102;2.94
IemB2i8vIT8;‚úÖ DESCUBRE C√≥mo CREAR este LOGO 3D en Corel DRAW (usando esta T√âCNICA üßê) [NO TE LO PIERDAS‚ùó‚ùó‚ùó];Sep 25, 2015;;0;0;;0;0;;0;0;;0;0;0;;0;0;0.2;0.001;0;0;27.78;5;0.3747;0:04:29;168;1.79
IkpebCX5WrA;‚öΩÔ∏è LOGO LALIGA paso a paso en COREL DRAW | Delcavideography;Feb 11, 2020;0;9;0;;0;0;;0;0;;0;0;0;;0;0;1,471;0.025;0;0;38.97;18;22,389;0:07:27;287;2.79
IseB9VCLPfI;ü§îüß† Procesos de DISE√ëO INTELIGENTES en CorelDRAW üñã Tips & Tricks | DelcaVideography;Oct 8, 2021;0;3;0;0;1;0;;0;0;;0;0;0;;0;0;0.286;0.003;0;0;41.23;9;0.4958;0:03:18;119;4.2
J07jMdgZuv8;C√≥mo ANIMAR una FOTO en Photoshop - Efecto PARALLAX | DelcaVideography;May 1, 2018;;0;0;0;1;0;;0;0;;0;0;0;;0;0;0.6;0.006;0;0;5.81;10;0.1611;0:00:58;105;2.86
J5MFnp02GGY;TIPS DE DISE√ëO: GALER√çA ILIMITADA DE RECURSOS GR√ÅFICOS PARA PROYECTOS;Dec 2, 2015;;0;0;0;1;0;;0;0;;0;0;0;;0;0;0.5;0.001;0;0;12.5;3;0.0729;0:01:27;85;1.18
JHx1upzoyV4;üñº C√≥mo crear 4 PIEZAS PUBLICITARIAS en 10 MINUTOS TUTORIAL | DelcaVideography;Apr 14, 2020;;0;0;0;26;0;;0;0;;0;0;0;;0;1;1,647;0.028;0;0;26.69;17;1,273;0:04:29;101;4.95
JPAxr6tKGgo;üï∑Best LOGO IDEAS Tutorial | LOGO DESIGN | ADOBE ILLUSTRATOR | DelcaVideograhy | SPIDERASITE üï∏;Sep 15, 2020;;0;0;0;2;0;;0;0;;0;0;0;;0;0;0;0;0;0;38.48;2;0.0588;0:01:45;35;0
JT55WYIIhko;üìå Learn the CorelDRAW BEST Techniques for LOGO Design | DelcaVideography;Aug 24, 2021;;0;0;;0;0;;0;0;;0;0;0;;0;0;0;0;0;0;1.37;1;0.0036;0:00:12;70;1.43
JU78VLocZhU;üíö Aqu√≠ est√°n TODA la LISTA de FORMAS B√ÅSICAS en CorelDRAW @DelcaX;Dec 6, 2022;0;9;0;;0;0;;0;0;;0;0;0;;0;0;0.462;0.006;0;0;42.47;14;0.2643;0:01:07;418;3.11
JYPLfM9A4Ok;NINTENDO SWITCH INTRO Tutorial VEGAS PRO | DelcaVideography;Sep 17, 2019;;0;0;0;1;0;;0;0;;0;0;0;;0;0;0;0;0;0;11.47;9;0.331;0:02:12;58;3.45
JhJoXsMyWgQ;Configurar PLANTILLA para PORTADA de FACEBOOK en Corel DRAW | DelcaVideography;Oct 29, 2019;0;6;0;0;15;0;;0;0;;0;0;0;;0;0;0.727;0.008;0;0;26.06;12;0.4848;0:02:25;161;3.73
Jrnyzrfw1y8;DISE√ëANDO UN LOGO EN VIVO ADIDAS CLASSIC: TUTORIAL COREL DRAW;Dec 19, 2017;;0;0;;0;0;;0;0;;0;0;0;;0;0;0.444;0.006;0;0;10.91;9;0.9695;0:06:27;119;2.52
K08R2VIr8uY;üåü Ahora puedes EXPORTAR VARIAS IM√ÅGENES en un PASO con CorelDRAW 2021 ‚ñ∂ DelcaVideography;Mar 23, 2021;0;8;0;0;14;0;;0;0;;0;0;0;;0;0;1.63;0.046;0;0;31.27;32;0.7311;0:01:22;335;2.99
K1mfdgwRMOo;üê≤ PHOTOSHOP: Tr√≠ptico Drag√≥n | DelcaVideography;Sep 25, 2018;;0;0;;0;0;;0;0;;0;0;0;;0;0;;0.009;0;0;0;0;0;0:00:00;26;0
KLaGimX4TbY;LOGO TIPO C√ìMIC: TUTORIAL COREL DRAW DelcaVideography;Mar 6, 2018;;0;0;0;4;0;;0;0;;0;0;0;;0;0;0.313;0.005;0;0;18.62;18;11,302;0:03:46;415;2.89
KmOBfseuvhg;ü§ò Te Ense√±o ‚ñ∑ 15 TRUCOS de SONY VEGAS PRO que *DEBES SABER* üí™  ‚ñ∫ DelcaVideography;Aug 9, 2017;0;52;0;0;144;0;;0;0;100;0;-1;0;;0;2;1,236;0.182;0;1;29.58;151;83,736;0:03:19;4768;2.31
KqBGDNGJ8-c;"üßê El Proceso de DISE√ëO de LOGOS ""DEFINITIVO"" en CorelDRAW ‚ñ∂ PASO a PASO | DelcaVideography";Sep 30, 2021;0;6;0;0;9;0;;0;0;;0;0;0;;0;0;1,429;0.01;0;0;46.93;7;0.5448;0:04:40;145;2.76
L-X84L91f-Y;Vegas Pro TUTORIAL para PRINCIPIANTES | EFECTOS ESPECIALES | DelcaVideography;Jan 28, 2020;;0;0;;0;0;;0;0;;0;0;0;;0;0;1,333;0.004;0;0;13.1;3;0.1405;0:02:48;69;4.35
LFfIa0O1WtQ;C√ìMO CREAR ILUSTRACI√ìN POLIGONAL en Corel DRAW | DelcaVideography;Mar 26, 2019;;0;0;0;9;0;;0;0;100;0;1;0;;0;0;1,308;0.02;0;0;19.26;15;0.7464;0:02:59;166;5.42
LO_Hv7YCVIU;¬°Los secretos para dise√±ar un logo impactante en minutos! ü§© @DelcaX;Jan 5, 2023;;0;0;;0;0;;0;0;100;0;2;56;62.5;0;0;0.027;0.001;0;0;55.37;40;0.3691;0:00:33;859;1.98
LPegaRQUryQ;C√≥mo separar colores para Serigafr√≠a en Corel DRAW | DelcaVideography;Apr 22, 2019;0;8;0;0;30;0;;0;0;100;0;1;0;;0;1;1.48;0.076;0;0;27.32;57;51,296;0:05:23;727;4.4
LjB6rhnbfS8;Wow! De un simple c√≠rculo a ESTO!!! LOGO TUTOTIAL DelcaVideography;Jul 29, 2021;;0;0;;0;0;;0;0;;0;0;1;100;0;0;0;0;0;0;78.82;1;0.0074;0:00:26;5;0
Lv-jEldkTJo;(INTERMEDIO) TUTORIAL COREL DRAW X8 CINTAS DECORATIVAS;Jan 19, 2017;;0;0;0;11;0;;0;0;100;0;1;0;;0;1;0.538;0.015;0;0;12.56;27;13,055;0:02:54;253;4.74
MFmPWLTSEds;C√≥mo crear EFECTO CRISTAL en Corel DRAW | DelcaVideography;Jun 26, 2018;0;12;0;0;22;0;;0;0;;0;0;0;;0;0;0.979;0.051;0;0;25.24;52;45,274;0:05:13;1126;3.73
MZ0Wz8Gt43Y;COREL DRAW X8 - RESE√ëA Y OPINI√ìN / WHAT'S NEW ON COREL DRAW X8;Mar 29, 2016;;0;0;;0;0;;0;0;;;;0;;;;;0;;;3.97;1;0.0102;0:00:36;21;4.76
Ma9MkuAkXNE;üëΩ MAGIA EN SONY VEGAS PRO - CHROMA KEY EFFECT üëΩ;Jan 31, 2017;;0;0;0;5;0;;0;0;;0;0;0;;0;0;2.6;0.013;0;0;22.72;5;0.3792;0:04:33;167;1.2
N4y-4I7f8b8;POLAROID Effect + TIMELAPSE in Sony Vegas Pro;Mar 23, 2014;;0;0;;0;0;;0;0;;0;0;0;;0;0;0;0;0;0;28.95;4;0.018;0:00:16;18;22.22
NIq-W_cx8os;TUTORIAL üòé EFECTO FAMOSO üòé SONY VEGAS PRO (CELEBRITY EFFECT);Aug 1, 2017;0;3;0;0;5;0;;0;0;;0;0;0;;0;0;0.357;0.005;0;0;28.28;15;1,004;0:04:00;207;3.86
Nhk20HJB25U;C√≥mo crear el logo ANDROID en Corel DRAW | DelcaVideography;Jul 17, 2018;;0;0;0;6;0;;0;0;;0;0;0;;0;0;0.765;0.013;0;0;18.84;17;0.8229;0:02:54;247;1.62
NlJNPtlPjBM;C√≥mo crear logo NINTENDO GAMECUBE en Corel DRAW | DelcaVideography;May 14, 2019;;0;0;;0;0;;0;0;;0;0;0;;0;0;0.5;0.003;0;0;6.22;6;0.0963;0:00:57;101;3.96
NyZrNQkDyoY;ü§ñ Creando robots espaciales en Adobe Illustrator | DelcaVideography ü§ñ;Sep 18, 2018;;0;0;;0;0;;0;0;100;0;1;0;;0;0;0.2;0.001;0;1;8.79;6;0.1859;0:01:51;126;1.59
O1WRtlYhFX0;üìÄ GOLDEN RING LOGO TUTORIAL in COREL DRAW | DelcaVideography;Apr 28, 2020;0;9;0;0;31;0;;0;0;;0;0;0;;0;0;0.462;0.013;0;0;34.65;29;30,541;0:06:19;821;1.71
O1Z08LHtUto;üéá 5 TRUCOS para CREAR DISE√ëOS PRO en CorelDRAW ‚ñ∂ TUTORIAL | DelcaVideography;May 24, 2022;0;9;0;0;18;0;;0;0;100;0;2;0;;0;1;0.703;0.03;0;2;39.25;43;55,652;0:07:45;522;3.64
OBQEc4clbxQ;C√ìMO VECTORIZAR PAISAJES: Tutorial pr√°ctico;Jul 22, 2021;;0;0;;0;0;;0;0;;0;0;1;100;0;0;0;0;0;0;73.1;1;0.0122;0:00:43;43;0
OO2CDzNmVB0;üßê Si lo QUIERES lo APRENDES üòâ ‚ñ∂ Logo TUTORIALES en CorelDRAW | DelcaVideograhy;Dec 1, 2021;;0;0;;0;0;;0;0;;0;0;15;60;0;0;0;0;0;0;84.17;11;0.0334;0:00:10;519;0.77
ORDXcEX7xi8;Edificio Bancolombia Medell√≠n;May 27, 2008;;0;0;;0;0;;0;0;;0;0;0;;0;0;0;0;0;0;64.35;6;0.03;0:00:18;13;0
OZoHxV1UGnw;üëâüèº 7 Programas GRATUITOS para EDITAR V√çDEOS üí• que DEDEBS CONOCERüî•;Jun 10, 2021;0;3;0;0;7;0;;0;0;100;0;1;0;;0;0;6,857;0.048;0;0;34.26;8;0.7416;0:05:33;138;2.9
Ok5K444w81Y;‚ö°Mate METAL Finished 3D logo TUTORIAL in CorelDRAW ‚ñ∂ DelcaVideography;Jul 30, 2015;;0;0;0;32;0;;0;0;;0;0;0;;0;0;1,143;0.033;0;0;30.85;31;32,755;0:06:20;657;2.89
P19c7DClSPo;üëª TUTORIAL Dise√±a tu fantasma de halloween | DelcaVideography üëª;Oct 23, 2018;;0;0;;0;0;;0;0;;0;0;0;;0;0;0;0;0;0;99.93;1;0.3103;0:18:37;93;0
Piah0r6Wad0;üßê Te ENSE√ëO estas T√âCNICAS de DIBUJO para DISE√ëAR en CorelDRAW üè† ‚ñ∫ TUTORIAL | DelcaVideography;Nov 9, 2021;0;3;0;0;5;0;;0;0;100;0;1;0;;0;0;0.333;0.002;0;0;36.17;6;0.5637;0:05:38;207;2.42
QYP39ZUhx1g;üëâ Estas son las PRINCIPALES HERRAMIENTAS üõ† de Corel Draw ‚ñ∂ DelcaVideography;May 20, 2021;0;90;0;0;111;0;;0;0;;0;0;0;;0;4;1,059;0.245;0;0;55.72;157;66,831;0:02:33;1338;8.3
QYPKB5zJ_Gw;üòé CREAR INTRO CON IM√ÅGENES: TUTORIAL VEGAS PRO  ú·¥Ö;Jan 16, 2018;;0;0;0;8;0;;0;0;;0;0;0;;0;0;0.882;0.017;0;1;10.23;22;0.9625;0:02:37;332;3.92
Qczw850gs6k;TU PROPIA INTRO ANIMADA EN SONY VEGAS PRO;Feb 23, 2016;;0;0;0;3;0;;0;0;;0;0;0;;0;0;0;0.001;0;0;15.43;9;0.5497;0:03:39;140;2.14
Qf6jbm64d6k;üåï TUTORIAL: 3D LIGHTING BALL LOGO - Corel Draw | DelcaVideography üåï;Feb 5, 2019;0;4;0;;0;0;;0;0;;0;0;0;;0;0;0;0;0;0;34.22;6;0.6731;0:06:43;267;1.12
R0syC8449s8;ü§Ø T√©cnicas para DISE√ëAR LOGOS incre√≠bles en CorelDRAW | DelcaVideography;Aug 4, 2021;;0;0;;0;0;;0;0;;0;0;7;14.29;0;0;0;0;0;0;32.35;1;0.0041;0:00:14;212;0
RCG1eem9zvE;üí° Lettering REVOLUTION LOGOTYPE tutorial | COREL DRAW | DelcaVideography;May 26, 2020;0;3;0;0;6;0;;0;0;;0;0;0;;0;0;0;0;0;0;57.83;2;0.5311;0:15:55;130;0.77
RCLCA4CBbRc;3D GEOMETRIC LOGO tutorial in Corel Draw | DelcaVideography;Feb 12, 2019;;0;0;0;9;0;;0;0;;0;0;0;;0;0;0.875;0.007;0;0;24.2;8;0.5701;0:04:16;286;2.1
RDLqK5qDRco;üòé Un DISE√ëO y MUCHAS FORMAS ‚ñ∂ Short | DelcaVideography;Jul 16, 2022;0;2;0;;0;0;;0;0;;0;0;0;;0;0;0.25;0.001;0;0;25.59;4;0.0202;0:00:18;87;2.3
RUCx93JLnis;‚úíÔ∏è + üêßAprende a COMBINAR CONCEPTOS üòè para DISE√ëAR en CorelDRAW | DelcaVideography;Oct 21, 2021;0;3;0;0;3;0;;0;0;;0;0;0;;0;0;0;0;0;0;51.12;3;0.3255;0:06:30;110;1.82
RUTMHPD29Rw;‚úÖ  AMONG US + DIBUJEMOS [PASO a PASO y desde CERO ‚úçüèº] este PERSONAJE ‚ñ∫ DelcaVideography üë®‚ÄçüöÄ;Sep 29, 2020;0;3;0;0;6;0;;0;0;;0;0;0;;0;0;0.667;0.007;0;0;28.39;4;0.7418;0:11:07;64;3.13
RXvl3jk0KeA;üêô LOGOTIPO + ILUSTRACI√ìN OCTOPUS TUTORIAL en Corel DRAW | DelcaVideography;Jun 9, 2020;;0;0;;0;0;;0;0;100;0;1;0;;0;0;0;0;0;0;5.72;5;0.1807;0:02:10;152;3.29
RbTRgbybaS8;üî• ¬°Crea tu logo perfecto en minutos con estos trucos! üíª ¬°Mira c√≥mo lo hice yo en este video! üí™üèº;Jan 3, 2023;;0;0;;0;0;;0;0;100;0;1;46;60.87;0;0;0;0;0;0;225.93;28;10,543;0:02:15;619;2.26
S3bpIFZl-qw;CREANDO LOGO EN VIVO - TUTORIAL COREL DRAW: SPINNER;Jan 30, 2018;;0;0;;0;0;;0;0;;0;0;0;;0;0;0;0;0;0;16.87;2;0.2718;0:08:09;88;2.27
SChyIBkkCfg;‚úçüèº Si APRENDES esta T√âCNICA puedes CREAR LOGOS como un PRO ‚ñ∂ TUTORIAL CorelDRAW | DelcaVideography;Jun 14, 2022;0;9;0;0;3;0;;0;0;;0;0;0;;0;0;0.867;0.042;0;0;31.75;33;30,183;0:05:29;541;3.7
SQ60SEimQ-8;How to Create a 3D funny fluffy cartoon design in Adobe Illustrator Tutorial | DelcaVideography;Feb 26, 2019;;0;0;0;3;0;;0;0;;0;0;0;;0;0;0;0;0;0;10.21;2;0.0798;0:02:23;68;2.94
SRXZwAEVty4;[+..‚Ä¢‚Ä¢] Nintendo SWITCH LOGO design COREL DRAW | DelcaVideography;Sep 10, 2019;0;21;0;0;35;0;;0;0;;0;0;0;;0;0;0.526;0.02;0;0;55.19;28;29,878;0:06:24;301;3.99
SfJvprvv2SY;G min√∫sclula Short;May 19, 2022;;0;0;;0;0;;0;0;;0;0;1;100;0;0;0;0;0;0;15.85;2;0.0045;0:00:08;29;0
Sq3s6litxq8;üî• APRENDE a EDITAR VIDEOS con Windows 10 üòÆ *TUTORIAL COMPLETO* ‚ñ∂ DelcaVideography;Jun 15, 2021;0;15;0;0;36;0;;0;0;100;0;5;0;;2;0;2,152;0.215;0;1;19.42;104;99,576;0:05:44;99;5.05
T-K6BdhzxT0;üéûM√ÅSCARA RECORTE SFX: SONY VEGAS PRO TUTORIALüéû;Mar 21, 2017;;0;0;0;7;0;;0;0;;0;0;0;;0;0;0.3;0.007;0;0;14.41;21;0.7616;0:02:10;168;3.57
T0FbW-ICzQk;‚úÖ Te Ense√±o C√≥mo CREAR EFECTO BRONCE en PHOTOSHOP [F√ÅCIL & BIEN EXPLICADO!!! üòÆ];Feb 17, 2016;0;4;0;5.56;18;1;0;5;0;;0;0;0;;0;0;2,091;0.023;0;0;34.94;12;0.9283;0:04:38;152;3.29
T0kIj9bFZDQ;C√≥mo crear el Efecto JITTER en Vegas Pro | DelcaVideography;May 15, 2018;;0;0;100;1;1;20;5;1;;0;0;0;;0;0;0;0;0;0;6.61;5;0.0798;0:00:57;111;3.6
Tf46G7oWFbQ;SONY VEGAS PRO + PHOTOSHOP TUTORIAL 3D ANIMATION PHOTO EFFECT;Sep 9, 2015;;0;0;;0;0;;0;0;;0;0;0;;0;0;1;0.013;0;0;4.75;16;0.1676;0:00:37;300;3.67
U8pz2WAiiZs;¬øQu√© es DelcaVideography? ü§î Te lo resumo en este video üëäüèº;Nov 18, 2015;;0;0;;0;0;;0;0;100;0;-1;0;;0;0;;0;0;0;;0;0;;15;0
UGTltXpR5jI;Aprende a Crear LOGOTIPOS INGENIOSOS üß† [PASO a PASO y desde CERO ‚úçüèº] Corel DRAW ‚ñ∫ DelcaVideography;Dec 8, 2020;;0;0;0;4;0;;0;0;100;0;2;0;;0;0;0.636;0.008;0;0;10.75;14;0.8322;0:03:33;284;1.76
U_YOn53zh4M;C√ìMO CLONAR UNA PERSONA EN SONY VEGAS PRO TUTORIAL;Feb 14, 2017;0;3;0;0;19;0;;0;0;;0;0;0;;1;1;0.739;0.022;0;0;22.96;26;15,819;0:03:39;348;6.9
UnE6kRWY_sg;‚úÖ Ventajas y Desventajas de Vegas Pro (2022) @DelcaX;Dec 13, 2022;0;21;0;0;7;0;;0;0;100;0;3;0;;1;0;0.821;0.025;0;0;62.7;29;0.8536;0:01:45;479;3.55
V0B0_Nskkag;(INTERMEDIO) TUTORIAL 12 Corel Draw X7: TARJETA DE PRESENTACI√ìN PROFESIONAL /  BUSINESS CARD;Dec 8, 2014;;0;0;;0;0;;0;0;;0;0;0;;0;0;0;0;0;0;2.11;2;0.027;0:00:48;95;2.11
V4580EvOzG8;‚úÖ APRENDE 5 Transiciones PRO üëâ F√ÅCIL & R√ÅPIDO [*SIN Plugins*] Vegas Pro  ‚ñ∂ DelcaVideography;Oct 14, 2020;0;3;0;0;4;0;;0;0;100;0;2;0;;0;0;1,167;0.021;0;0;17.33;20;0.7781;0:02:20;289;3.81
VABDQH4OMkk;üï∑Ô∏èC√≥mo crear el Efecto MARVEL en Photoshop | DelcaVideography;May 8, 2018;;0;0;0;5;0;;0;0;100;0;1;0;;0;1;1,038;0.053;0;1;17.23;34;1.67;0:02:56;515;4.27
VHS8AU5hh9U;‚úÖ APRENDE TODO para DIBUJAR en PERSPECTIVA üëâüèº CorelDRAW 2021 ‚ñ∂ DelcaVideography;Apr 5, 2021;0;5;0;0;11;0;;0;0;;0;0;0;;0;0;1.85;0.037;0;0;21.86;22;38,016;0:10:22;265;4.91
VJlRvQEOx4E;üëç BEST LOGO DESIGN IDEAS:  COREL DRAW;Feb 20, 2018;0;32;0;0;42;0;;0;0;;0;0;0;;0;0;1,226;0.05;0;0;37.36;38;42,626;0:06:43;508;4.53
VNXWRnfL5Kw;DISE√ëA con SIMETR√çA en 3 SIMPLES PASOS con Corel DRAW DelcaVideography;Aug 6, 2019;0;6;0;3.33;30;1;0;5;0;100;0;1;0;;0;0;0.7;0.038;0;1;20.01;58;33,372;0:03:27;746;4.69
VUzjh1F_eHw;(INTERMEDIO) TUTORIAL 10 Corel Draw X6: Crea tu propio Logo / Design your own logo;Mar 2, 2014;;0;0;0;2;0;;0;0;;0;0;0;;0;0;0.2;0.002;0;0;13.19;10;10,106;0:06:03;113;2.65
VXr_jcns58Q;üî• CorelDRAW ESSENTIAL Techniques for Beginners & Experts ‚ñ∂ LOGO TUTORIAL |  DelcaVideography;Jul 15, 2021;;0;0;;0;0;;0;0;;0;0;0;;0;0;0;0;0;0;1.5;1;0.002;0:00:07;90;0
Vr57ZlI3sv4;‚ö° ¬°√önete Ahora! Curso MAESTRO en DISE√ëO GR√ÅFICO & AUDIOVISUAL ‚ñ∂ DelcaVideography [SOLIC√çTALO AQU√ç üî•];Jan 11, 2018;;0;0;;0;0;;0;0;;0;0;0;;0;0;0;0;0;0;64.54;5;0.0547;0:00:39;174;1.72
VuuLy-KSDvs;üëÄ C√≥mo dibujar Ojos tipo Caricatura en Corel DRAW | DelcaVideography üëÅ;Jul 24, 2018;;0;0;0;5;0;;0;0;;0;0;0;;0;1;0.923;0.012;0;0;9.28;15;0.4417;0:01:46;178;1.69
Vyz5b4jU1w8;(INTERMEDIO) VECTORIZAR en Corel DRAW X7 TUTORIAL: (Bonus Track: Alexander Villegas);Nov 25, 2015;;0;0;0;16;0;;0;0;;0;0;0;;0;0;0.5;0.003;0;0;87.3;6;1,052;0:10:31;110;2.73
W2xsMNUsVUg;üé¨ C√≥mo crear una INTRO de PEL√çCULA en VEGAS PRO | DelcaVideography;Jul 31, 2018;;0;0;0;2;0;;0;0;100;0;1;0;;0;0;0.636;0.01;0;1;4.78;17;0.2616;0:00:55;311;3.22
W3hF_zEEpK8;Desventajas Vegas Pro Short @DelcaX;Dec 13, 2022;;0;0;;0;0;;0;0;100;0;2;14;35.71;0;0;0;0;0;0;55.13;5;0.0421;0:00:30;249;0.8
WVWUjkrEZHc;(B√ÅSICO) TUTORIAL 8: COREL DRAW X7 - PERSPECTIVE LAMP;Oct 21, 2015;;0;0;0;22;0;;0;0;100;0;-1;0;;0;0;1;0.009;0;0;44.4;9;11,145;0:07:25;247;2.02
WhPgERWliNQ;LOGO DESIGN PROCESS (detail explanation) | Part 1 | DelcaVideography ‚úçÔ∏è;Jul 21, 2020;0;6;0;0;11;0;;0;0;;0;0;0;;0;0;0.75;0.003;0;0;48.76;4;0.8218;0:12:19;82;2.44
Wm7m8Uoonec;üëâ Estos son los REQUISITOS para INSTALAR Corel DRAW ‚ñ∂ DelcaVideography;May 10, 2021;0;45;0;0;40;0;;0;0;66.67;1;2;0;;1;3;1,324;0.352;0;1;38.72;252;66,397;0:01:34;1128;7.8
Wt9VkaxXayI;üî•  MUST SEE! CorelDRAW BEST Techniques for Beginners & Experts TUTORIAL (2021) ‚öì  ‚ñ∫ DelcaVideography;Jun 24, 2021;0;3;0;0;5;0;;0;0;;0;0;0;;0;0;0.5;0.001;0;0;26.68;2;0.1802;0:05:24;79;0
Wu3xsU6yx4M;(INTERMEDIO) LOGO 3D PROFESSIONAL (SIGHT WINGS) TUTORIAL: CORELDRAW X6, X7, X8;Jun 28, 2016;;0;0;;0;0;;0;0;100;0;1;0;;0;0;0.083;0.002;0;0;11.1;15;0.5626;0:02:15;372;2.96
Wz3m_gJHWU4;As√≠ se hacen LOGOS para CorelDRAW @DelcaX;Dec 15, 2022;;0;0;;0;0;;0;0;;0;0;8;37.5;0;0;0;0;0;0;52.12;3;0.0261;0:00:31;278;0.36
X0xRCMundi0;C√ìMO ANIMAR FOTOS EN GIF TUTORIAL 1 LIGHTROOM + PHOTOSHOP;Dec 16, 2015;;0;0;0;3;0;;0;0;;0;0;0;;0;0;0.5;0.008;0;0;7.55;13;0.2211;0:01:01;38;26.32
X8e-3u0kN_E;‚úîüí™üèº Sigue estas T√âCNICAS para CREAR LOGOS en CorelDRAW ‚ñ∂ TUTORIAL | DelcaVideography;Mar 1, 2022;;0;0;;0;0;;0;0;;0;0;0;;0;0;0.5;0.004;0;0;4.48;9;0.0863;0:00:34;170;2.94
XFF0wVINP0w;‚ö° La MEJOR FORMA de ORGANIZAR tus P√ÅGINAS üî• en CorelDRAW üëâüèº Tutorial (2021) üòÆ;Apr 27, 2021;0;8;0;0;5;0;;0;0;100;0;1;0;;1;0;1;0.023;0;1;22.49;25;0.9463;0:02:16;336;3.87
XHIcjnPHv3g;üî• CorelDRAW GREAT Techniques for Beginners & Experts ‚ñ∂ LOGO TUTORIAL (üå∏+‚ôª)  | DelcaVideography;Jul 22, 2021;0;7;0;0;15;0;;0;0;;0;0;0;;0;0;2,625;0.021;0;0;50.07;8;0.5864;0:04:23;152;2.63
XS6ocwaU89s;üåü Lo NUEVO de CorelDRAW 2021 ‚ñ∂ DelcaVideography;Mar 15, 2021;;0;0;0;2;0;;0;0;100;0;1;0;;0;0;0.467;0.007;0;0;9.38;18;0.4866;0:01:37;377;1.33
XbnKHZ2U-rQ;C√ìMO CREAR Efecto HALFTONE en Corel DRAW X4, X5, X6 y X7 TUTORIAL;Jan 27, 2016;;0;0;0;27;0;;0;0;100;0;3;0;;0;0;0.714;0.016;0;2;33.64;26;18,609;0:04:17;821;1.95
Xp6SRXUDUic;(INTERMEDIO)‚öîÔ∏è LOGO PROFESIONAL AMBAR: COREL DRAW TUTORIAL;May 10, 2017;;0;0;0;5;0;;0;0;100;0;1;0;;0;0;0;0.003;0;0;52.83;5;0.8417;0:10:05;103;0
XrQZ3jFi738;‚ö° DISE√ëA el LOGO GRATIS para TU NEGOCIO en CorelDRAW  ‚ñ∂ TUTORIAL | DelcaVideography;May 10, 2022;;0;0;0;4;0;;0;0;;0;0;0;;0;0;0.9;0.019;0;0;29.8;23;22,635;0:05:54;246;4.07
Y5ZpdYNR3vg;(1 MINUTO) TUTORIAL 1 Corel DRAW X7: POWERCLIP (with Closed Caption);Oct 27, 2015;;0;0;;0;0;;0;0;;0;0;0;;0;0;0.5;0.002;0;0;17.58;4;0.0527;0:00:47;35;5.71
Y5kyzKvg__c;¬øQuieres saber C√ìMO se HACE este logo?;Aug 10, 2021;;0;0;;0;0;;0;0;;0;0;1;100;0;0;0;0;0;0;10;1;0.0011;0:00:04;19;0
YF2HXeklCeQ;(INTERMEDIO) TUTORIAL 16 Corel Draw X6, X7: C√≥mo recortar im√°genes de forma f√°cil y r√°pida;Apr 17, 2014;;0;0;0;9;0;;0;0;;0;0;0;;0;0;0.417;0.01;0;0;34.71;26;13,538;0:03:07;198;3.54
YL0lHOKtXT4;ü§Ø Efectos Incre√≠bles para tus DISE√ëOS | Short ‚ñ∂ DelcaVideography;Jun 18, 2022;;0;0;;0;0;;0;0;;0;0;0;;0;0;0;0;0;0;34.45;4;0.0256;0:00:23;82;2.44
YeEyPqzikUY;‚òëÔ∏è LOGO MERCEDES BENZ TUTORIAL COREL DRAW;Nov 14, 2017;0;3;0;0;4;0;;0;0;100;0;1;0;;0;0;1,333;0.044;0;0;19.33;30;24,214;0:04:50;353;6.23
YjplAyXDQ8Q;üé§ TUTORIAL EFECTO KARAOKE: LYRIC SYNC en Vegas Pro | DelcaVideography üéº;Dec 11, 2018;0;4;0;0;17;0;;0;0;;0;0;0;;0;0;2,149;0.102;0;1;14.73;53;26,829;0:03:02;422;6.87
YmttwBgl3SI;How to Create Video Graphics in Sony/MAGIX Vegas Pro 2018! (Tutorial);Feb 13, 2018;;0;0;;0;0;;0;0;;;;0;;;;;0;;;27.29;1;0.0658;0:03:56;44;2.27
YrYAxMtfRQY;‚úÖ Te Explico QU√â ES y PARA QU√â SIRVE Vegas Pro 2022 ‚ñ∂ DelcaVideography;Nov 8, 2022;0;72;0;;0;0;;0;0;;0;0;0;;0;0;1,373;0.079;0;1;66.93;58;11,862;0:01:13;432;4.86
YwDf2mPrmGk;Efecto de Texto Met√°lico en Corel DRAW | DelcaVideography;Aug 7, 2018;0;12;0;0;39;0;;0;0;100;0;1;0;;0;0;1,015;0.074;0;0;34.08;74;5,913;0:04:47;975;3.18
Z42jLF2utFU;‚úÖ Las 5 formas M√ÅS PRODUCTIVAS de EXPORTAR en CorelDRAW 2021 ‚öôÔ∏è (TUTORIAL Bien Explicado üíö);Apr 12, 2021;0;3;0;0;6;0;;0;0;100;0;1;0;;0;0;3,462;0.056;0;0;20.09;16;11,249;0:04:13;288;2.78
ZGNFQVh79hE;üî• LOGO TUTORIAL ‚ñ∂ CorelDRAW MUST KNOWN Techniques for Beginners & Experts | DelcaVideography;Jul 27, 2021;0;3;0;0;3;0;;0;0;;0;0;0;;0;0;0.5;0.001;0;0;68.72;3;0.1999;0:03:59;88;2.27
ZTgsq65rCl4;EFECTO 3D EN FOTOS PHOTOSHOP tutorial: 3D photo EFFECT!;Oct 26, 2014;;0;0;;0;0;;0;0;;0;0;0;;0;0;0.5;0.001;0;0;15.31;2;0.0951;0:02:51;88;2.27
ZWXQ0Ks057Q;(1 MINUTO) TUTORIAL SONY VEGAS PRO: PANORAMIZACI√ìN / WIDESCREEN ASPECT;Nov 3, 2015;;0;0;;0;0;;0;0;;0;0;0;;0;0;;0.001;0;0;0;0;0;0:00:00;33;0
ZuYjqX8kxdA;3D LETTERING EFFECT LOGOTYPE in COREL DRAW | DelcaVideography;Jun 2, 2020;;0;0;0;4;0;;0;0;;0;0;0;;0;1;0.25;0.001;0;0;20.67;5;0.3138;0:03:45;122;1.64
_08rIDdZ7GU;Separaci√≥n de COLOR IM√ÅGENES COMPLEJAS | Cuatricrom√≠a + Serigafr√≠a en Corel DRAW | DelcaVideography;Apr 29, 2019;0;16;0;0;9;0;;0;0;;0;0;0;;0;0;1;0.015;0;0;33.14;17;1,075;0:03:47;263;5.32
_5bWTaKLHRQ;(B√ÅSICO) TUTORIAL 5 CorelDRAW X6, X7: CREA F√ÅCIL un ENCABEZADO para tu canal de YOUTUBE;Jun 25, 2014;;0;0;;0;0;;0;0;;;;0;;;;;0;;;2.16;1;0.0083;0:00:29;103;0.97
_9EOH6LCrIQ;üî¶ C√ìMO ANIMAR EFECTO LINTERNA EN V√çDEOS O IM√ÅGENES en Vegas Pro | DelcaVideography;Dec 4, 2018;;0;0;0;1;0;;0;0;;0;0;0;;0;0;0;0;0;0;17.05;8;0.3096;0:02:19;92;4.35
_EjDfu5upcg;Estas son las √öLTIMAS NOVEDADES de COREL DRAW 2022;Apr 27, 2022;0;12;0;0;11;0;;0;0;;0;0;0;;0;1;0.607;0.044;0;0;23.54;63;24,348;0:02:19;543;5.16
_EpE93p_vxM;Ventajas de Vegas Pro @DelcaX;Dec 13, 2022;;0;0;;0;0;;0;0;100;0;2;33;69.7;0;0;0;0;0;0;68.14;25;0.2839;0:00:40;769;2.47
_HD4bDa2phM;‚ö†Ô∏èOFTERTA‚ÄºÔ∏è üôÉ CURSO MAESTRO en DISE√ëO GR√ÅFICO & AUDIOVISUAL [Para SIEMPRE] ‚ñ∂ DelcaVideography;Oct 31, 2017;;0;0;;0;0;;0;0;;0;0;0;;0;0;0;0;0;0;59.84;2;0.1443;0:04:19;153;0.65
_WDy7KRODFo;Corel DRAW: 10 CONSEJOS para ser m√°s PRODUCTIVOS | DelcaVideography;Sep 24, 2019;0;9;0;1.67;60;1;20;5;1;100;0;2;0;;0;3;0.855;0.092;0;1;32.37;64;84,533;0:07:55;1033;4.36
_nCMwlOEVEs;ü¶∏‚Äç‚ôÇÔ∏è SUPER FAN LOGO TUTORIAL in Corel DRAW DelcaVideography;May 5, 2020;0;3;0;0;5;0;;0;0;;0;0;0;;0;0;0;0;0;0;99.98;1;0.4688;0:28:07;73;0
_tpnACbQMCs;üî¥ Tutorial PERSPECTIVA de 3 puntos de fuga (vista de AVE üïä) ‚ñ∑ CorelDRAW 2021;Apr 13, 2021;;0;0;0;1;0;;0;0;;0;0;0;;0;0;0;0;0;0;8.29;7;0.2112;0:01:48;105;4.76
a8RljIZTEGY;TUTORIAL: ANIMACI√ìN KAME HAME HA SONY VEGAS PRO / KAME HAME HA ANIMATION;May 17, 2016;;0;0;;0;0;;0;0;;0;0;0;;0;0;0;0;0;0;1.33;1;0.007;0:00:25;38;2.63
aJ7j5jZ3IwE;TIMELAPSE LOGO DESIGN TUTORIAL DelcaVideography;Apr 18, 2021;0;12;0;;0;0;;0;0;100;0;2;0;;0;0;2,353;0.044;0;0;37.14;23;0.4983;0:01:17;130;13.08
aYyXLeRL38A;ü¶é APRENDE C√≥mo CREAR LOGOS creativos (PASO A PASO ‚úçüèº) Corel DRAW (X7 en adelante) ‚ñ∫ DelcaVideography;Dec 15, 2020;0;12;0;0;45;0;18.75;16;3;100;0;2;0;;0;0;0.8;0.15;0;0;12.86;174;69,811;0:02:24;1796;7.96
adLTyY_7EvU;üåá APRENDE a Crear LOGO MINIMALISTA [PASO a PASO y desde CERO ‚úçüèº] en Corel DRAW ‚ñ∫ DelcaVideography;Jun 23, 2020;;0;0;;0;0;;0;0;100;0;-1;0;;0;0;1.75;0.018;0;0;11.09;10;0.3052;0:01:49;498;1.81
alDiKvBy7VQ;‚≠ê T√©cnicas SECRETAS para CREAR Logos | Short ‚ñ∂ DelcaVideography;Jun 14, 2022;;0;0;;0;0;;0;0;;0;0;0;;0;0;0;0;0;0;53.52;1;0.0106;0:00:38;75;0
b9_XfrLRhbk;‚≠ê 5 HERRAMIENTAS INDISPENSABLES para DISE√ëAR LOGOS en CorelDRAW ‚ñ∂ TUTORIAL | DelcaVideography;Aug 2, 2022;0;4;0;0;4;0;;0;0;;0;0;0;;0;0;1,889;0.038;0;0;39.65;20;26,191;0:07:51;327;1.53
bnTNBaHgrOU;üéûTUTORIAL: C√ìMO RENDERIZAR SONY EN VEGAS PRO 10, 11, 12, 13 y 14üéû;Oct 25, 2016;;0;0;;0;0;;0;0;;0;0;0;;0;0;0.143;0.001;0;0;3.82;7;0.1644;0:01:24;141;2.13
bx4i7SPPyWo;BEST LOGO IDEAS TUTORIAL in COREL DRAW DelcaVideography;May 12, 2020;;0;0;;0;0;;0;0;100;0;1;0;;0;0;0.176;0.003;0;0;7.82;17;0.4896;0:01:43;648;1.08
cL6on7uALms;ANIMACIONES F√ÅCILES PARA INTROS en Vegas Pro | DelcaVideography;Nov 12, 2019;;0;0;0;4;0;;0;0;;0;0;0;;0;0;1.75;0.007;0;0;13.88;4;0.176;0:02:38;85;2.35
cP1iOHm2kqg;üëåüèº EASY Design LOGO Process in CorelDRAW ‚ñ∂ BEST Tips and Tricks | DelcaVideography;Oct 5, 2021;;0;0;;0;0;;0;0;;;;0;;;;;0;;;98.12;1;0.0889;0:05:19;116;0.86
cZUmPLANTy0;üíöHerramienta DIBUJO en Corel DRAW ‚ñ∂ TUTORIAL | DelcaVideography;Oct 25, 2022;0;9;0;0;4;0;;0;0;;0;0;0;;0;0;8,429;0.06;0;0;59.24;8;0.6977;0:05:13;344;1.45
cbbbAhyAftc;Shooting effect! Awesome bullets from my fingers - Great shooting with a load hand!;Feb 7, 2010;;0;0;;0;0;;0;0;;0;0;0;;0;0;0;0;0;0;69.24;1;0.004;0:00:14;11;0
chtrNdjuRWk;(B√ÅSICO) TUTORIAL 1 en Espa√±ol: Curso CorelDRAW X4, X5 y X6 para principiantes, tips b√°sicos;Feb 22, 2014;;0;0;14.29;21;3;0;5;0;100;0;3;0;;0;0;1,175;0.447;0;0;20.18;65;67,125;0:06:11;1332;1.95
cmnY_cjMSxE;(PROFESIONAL DESIGN) ü§ò SAPPHIRE DAGA COREL DRAW TUTORIAL: PARTE 1;May 30, 2017;;0;0;100;1;1;33.33;3;1;;0;0;0;;0;0;1;0.001;0;0;15.96;3;0.1988;0:03:58;48;2.08
d0g3jMXuas0;BASIC TUTORIAL: 3D TEXT in Corel Draw for Beginners | DelcaVideography;Mar 12, 2019;0;8;0;0;19;0;;0;0;;0;0;0;;0;0;0.333;0.004;0;0;38.86;13;10,874;0:05:01;264;2.27
d2bvpe3xhjE;¬øQuieres un logo profesional sin complicaciones? üí™ Sigue estos trucos y consejos üí°@DelcaX;Jan 6, 2023;;0;0;;0;0;;0;0;;0;0;16;50;0;0;0;0;0;0;104.19;8;0.1389;0:01:02;240;1.25
d2zJ-uSschU;(B√ÅSICO) TUTORIAL 4 CorelDRAW X6, X7: Adornos y Accesorios (Espa√±ol);Nov 28, 2014;;0;0;;0;0;;0;0;;0;0;0;;0;0;0;0;0;0;86.33;1;0.3612;0:21:40;107;0
d3wIvCBE7JU;(AVANZADO) TUTORIAL 25 COREL DRAW X6, X7: LOGO 3D MINIONS;Jul 13, 2015;;0;0;0;7;0;;0;0;;0;0;0;;0;0;0;0.021;0;0;16.19;10;0.8714;0:05:13;168;2.98
d4W0C_QPDiE;üî• XP-PEN ARTIST 12 y 16 ‚ñ∂ TABLETA GR√ÅFICA para ILUSTRAR | S√∫per econ√≥mica + 30% de Descuento;Aug 13, 2022;;0;0;;0;0;;0;0;;0;0;0;;0;0;0;0;0;0;50.36;2;0.019;0:00:34;107;1.87
d5RUp2aWDBs;üî¥ CorelDRAW MUST KNOWN Techniques for Beginners & Experts ‚ñ∂ 3D LOGO TUTORIAL | DelcaVideography;Aug 5, 2021;;0;0;;0;0;;0;0;;0;0;0;;0;0;0;0.004;0;0;26.28;5;0.1902;0:02:16;97;4.12
dD9pwVVR8FY;¬øPuedes adivinar lo que es? DelcaVideography #short;Nov 23, 2021;;0;0;;0;0;;0;0;;0;0;1;100;0;0;0;0;0;0;14.71;1;0.0014;0:00:05;20;5
dInHfKqIzhQ;üéûRASTREO DE MOVIMIENTO: BCC MATCH MOVE FX - SONY VEGAS PRO TUTORIALüéû;Feb 28, 2017;0;6;0;0;11;0;;0;0;100;0;1;0;;0;0;0.182;0.003;0;0;26.69;13;10,119;0:04:40;163;3.07
dMotcwlybmg;Te REVELO üîé estos TRUCOS para CREAR LOGOS 3D PROFESIONALES üòÆ ‚ñ∂ Corel DRAW;May 31, 2016;;0;0;;0;0;;0;0;100;0;1;0;;0;0;0;0;0;0;3.55;2;0.0389;0:01:09;80;2.5
dfJzsYz4QeA;üî• C√≥mo CREAR una INTRO para tu CANAL de YOUTUBE üíó en un PAR de MINUTOS ‚ñ∂ TUTORIAL | DelcaVideography;Feb 15, 2022;0;6;0;0;2;0;;0;0;;0;0;0;;0;0;11,143;0.078;0;0;51.97;7;0.7518;0:06:26;81;0
dtDA8WQGMzo;C√≥mo crear destellos de luz en 7 pasos con Corel DRAW | DelcaVideography;Jun 25, 2019;0;27;0;0;145;0;;0;0;100;0;6;0;;0;0;1,654;0.294;0;2;29.36;181;118,259;0:03:55;1944;5.56
e4G-6BlBGdY;C√≥mo CONVERTIR CLIPS DE VIDEO a GIF ANIMADOS usando Vegas PRO;Jun 1, 2021;;0;0;0;1;0;;0;0;0;1;0;0;;0;0;0.769;0.01;0;0;12.97;15;0.3858;0:01:32;160;8.13
e7VHNVmSYcs;C√ìMO EDITAR V√çDEOS para FEED de INSTAGRAM en 3 PASOS con Vegas Pro | DelcaVideography;Aug 27, 2019;0;6;0;0;15;0;;0;0;;0;0;0;;0;0;0.69;0.032;0;0;25.45;48;28,641;0:03:34;311;10.29
eKIjcm4gwLw;üåü 3D GOLD TEXT EFFECT COREL DRAW TUTORIAL [*Paso a Paso* ‚úçüèº] üåü;Jan 23, 2018;0;103;0;0;405;0;;0;0;100;0;8;0;;1;5;1,842;0.777;0;5;33.54;419;314,646;0:04:30;4530;5.72
eTNr9599FKg;‚≠ê SOLO HAZ un PAR de TRAZOS para obtener M√öLTIPLES DISE√ëOS ‚ñ∂ TUTORIAL CorelDRAW | DelcaVideography;Jul 12, 2022;0;6;0;0;2;0;;0;0;;0;0;0;;0;0;1;0.003;0;0;71.63;3;0.2179;0:04:21;169;1.18
eYZMnRd4Y4Y;ü§©  5 üåüTRANSICIONES PROFESIONALESüåü que DEBES APRENDER ‚ñ∫TUTORIAL VEGAS PRO  ú·¥Ö;Oct 17, 2017;0;4;0;0;50;0;;0;0;100;0;-1;0;;0;0;0.963;0.109;0;0;14.74;128;35,643;0:01:40;1459;6.17
egaaY133hmo;‚úÖ C√≥mo ROTAR un V√çDEO en VERTICAL [*BIEN EXPLICADO* ü§ó] TUTORIAL (Paso a Paso ‚úçüèº) VEGAS PRO;Oct 24, 2017;0;12;0;0;46;0;;0;0;;0;0;0;;0;0;1,345;0.078;0;0;32.17;60;24,663;0:02:27;884;3.73
euHOElFSX7Y;Speedrun LOGO MAKER Tutorial (1min) | DelcaVideography;Aug 19, 2021;;0;0;;0;0;;0;0;100;0;1;10;70;0;0;0;0;0;0;96.15;7;0.1122;0:00:57;136;3.68
f0AP5jupXoI;Transici√≥n M√°gica (de la Pantalla a la Vida Real) en Vegas Pro | DelcaVideography;Jul 4, 2018;;0;0;0;3;0;;0;0;;0;0;0;;0;0;1;0.008;0;0;20.42;8;0.2922;0:02:11;105;3.81
fMfk-OueY9s;(AVANZADO) TUTORIAL 21 Corel DRAW X7: ‚ù§ DISE√ëOS PARA EVENTOS ESPECIALES ‚ù§ / SAINT VALENTINE'S;Feb 6, 2015;;0;0;;0;0;;0;0;100;0;1;0;;0;0;2.9;0.029;0;0;9.18;10;0.6632;0:03:58;132;3.79
fOoaqqmErcs;üëΩ EFECTO CHROMA - VIDEO FX SONY VEGAS PRO TUTORIALüëΩ;Feb 7, 2017;;0;0;0;2;0;;0;0;;0;0;0;;0;0;1.25;0.005;0;0;5.65;4;0.0822;0:01:13;45;6.67
fQlojG2yhPk;‚ö° PRUEBA FLEXCLIP 2022  y CREA VIDEOS para YOUTUBE SIN SER EXPERTO ‚ñ∂ Tutorial | DelcaVideography;Jun 29, 2022;;0;0;;0;0;;0;0;;0;0;0;;0;0;0.6;0.003;0;0;8.45;5;0.0879;0:01:03;108;2.78
f_MUrOOOACU;üí™üèº DOMINA esta T√âCNICA para dise√±ar LOGOS como este en CorelDRAW üç∫ | DelcaVideography;Oct 12, 2021;0;6;0;0;7;0;;0;0;;0;0;0;;0;0;6.5;0.12;0;0;29.05;26;21,818;0:05:02;458;3.49
fe51AzDOPX8;üí™üèº Dise√±a tu propio logo de manera f√°cil y r√°pida ‚ö° | Shorts  @DelcaX;Dec 22, 2022;;0;0;;0;0;;0;0;;0;0;35;74.29;0;0;0;0;0;0;69.19;26;0.2998;0:00:41;627;2.23
g1LYvOGnX_c;APRENDE C√≥mo DIBUJAR un LOGO [üåà Rainbow Star ‚≠êÔ∏è] en Corel DRAW ‚ñ∂ DelcaVideography;Jul 7, 2020;0;3;0;0;5;0;;0;0;;0;0;0;;0;0;1,667;0.005;0;0;25.13;4;0.36;0:05:23;112;0.89
gMkPj5Jrtz0;(B√ÅSICO) LOGO GOOGLE CHROME TUTORIAL COREL DRAW X8;Aug 16, 2016;;0;0;0;6;0;;0;0;;0;0;0;;0;0;0.5;0.002;0;0;14.8;5;0.1965;0:02:21;119;1.68
ghc_2Ljua5A;‚ú®‚úî Te ENSE√ëO estas T√âCNICAS para que DISE√ëES como un PRO ‚ñ∂ TUTORIAL CorelDRAW | DelcaVideography;May 4, 2022;;0;0;0;1;0;;0;0;;0;0;0;;0;0;0.333;0.001;0;0;21.78;3;0.2173;0:04:20;131;1.53
gp1G19kqmg4;Crea DISE√ëOS para REDES SOCIALES, infograf√≠as, P√ìSTERS y M√ÅS con DesignCap | DelcaVideography;Nov 26, 2019;;0;0;;0;0;;0;0;;0;0;0;;0;0;0;0;0;0;59.09;1;0.2191;0:13:08;59;0
hBWu31SO4kk;3 formas de RECORTAR OBJETOS para MINIATURAS en Corel DRAW | DelcaVideography;Mar 10, 2020;0;54;0;0;175;0;;0;0;100;0;2;0;;0;4;2,076;0.431;0;0;36.38;234;255,356;0:06:32;2676;5.61
hKznCL165B0;ü§úüèºüí• ZARA vs MANGO üí•ü§õüèº Enfrento & Comparo ‚öî estas 2 MARCAS ‚ñ∂ DelcaVideography;Feb 16, 2021;;0;0;;0;0;;0;0;;0;0;0;;0;0;1.2;0.007;0;0;12.82;5;0.0645;0:00:46;89;2.25
hUUN9kh-J0Y;(B√ÅSICO) TUTORIAL 7 CorelDRAW X6, X7: CREA UN CALENDARIO EN 3 MINUTOS USANDO MACROS;Sep 15, 2014;;0;0;;0;0;;0;0;;0;0;0;;0;0;0;0;0;0;25.34;9;0.4498;0:02:59;171;1.17
hchJnalQhUU;SPECIAL EFFECTS MOVIE FILM  BOGOT√Å Sony Vegas Pro - TRAILER;Apr 2, 2014;;0;0;;0;0;;0;0;;0;0;0;;0;0;0;0;0;0;28.55;2;0.0152;0:00:27;16;12.5
hdVE-PhAYyg;‚åò C√≥mo CREAR LOGOS PRO [# TUTORIAL Paso a Paso‚úçüèº] en Corel DRAW ‚ñ∂ DelcaVideography ‚åò (2021);Oct 2, 2018;0;2;0;0;21;0;;0;0;100;0;-1;0;;0;0;0.514;0.044;0;0;25.74;40;21,362;0:03:12;608;2.14
hhqTrTLGPeU;üíö Herramienta TEXTO Todo Lo Que Debes Saber ‚ñ∂ Tutorial CorelDRAW @DelcaX;Jan 10, 2023;0;12;0;;0;0;;0;0;100;0;2;0;;0;2;2,214;0.064;0;0;48.14;37;29,836;0:04:50;794;3.15
hk9WoUCx4-8;ü§ñ Creando robots espaciales en Corel DRAW | DelcaVideography ü§ñ;Sep 11, 2018;0;4;0;0;1;0;;0;0;;0;0;0;;0;0;1.4;0.007;0;0;12.28;5;0.2039;0:02:26;103;1.94
hva48UGPifg;C√≥mo CREAR LOGOS en MINUTOS / Create Logos in minutes | DelcaVideography;Aug 14, 2018;;0;0;;0;0;;0;0;;0;0;0;;0;0;1;0.002;0;0;7.12;3;0.1025;0:02:03;57;5.26
i1zc36crxZY;VEGAS PRO 16: 10 NUEVAS FUNCIONES que debes CONOCER | DelcaVideography;Nov 6, 2018;;0;0;0;7;0;;0;0;;0;0;0;;0;0;0;0;0;0;54.74;3;0.4643;0:09:17;44;6.82
iTkt6VbIL5M;üß© EASY ‚ñ∂ASSEMBLY‚óÄ Techniques for Beginners & Experts ‚ñ∑ CorelDRAW TUTORIAL | DelcaVideography;Sep 14, 2021;0;3;0;;0;0;;0;0;;0;0;0;;0;0;19.5;0.039;0;0;44.51;2;0.0846;0:02:32;72;2.78
itHqUHcQ0xE;STAR WARS TEXT ANIMATION INTRO TUTORIAL: SONY VEGAS PRO 11, 12, 13 ‚òÑÔ∏è;Dec 23, 2015;;0;0;;0;0;;0;0;;0;0;0;;0;0;0;0;0;0;8.38;3;0.0829;0:01:39;50;6
ivIb_pr7NEA;üíÄ Tutorial HALLOWEEN -  Introducci√≥n CREA TU M√ÅSCARA CATRINA | DelcaVideography üíÄ;Oct 30, 2018;0;4;0;0;2;0;;0;0;;0;0;0;;0;0;0;0;0;0;49.73;1;0.0246;0:01:28;54;0
jPTShYN3wYo;‚ú®‚úî APLICA estas T√âCNICAS AVANZADAS para CREAR LOGOS en CorelDRAW ‚ñ∂ TUTORIAL | DelcaVideography;Apr 26, 2022;0;3;0;0;8;0;;0;0;100;0;2;0;;0;1;1,483;0.087;0;1;17.56;70;7,687;0:06:35;1263;3.88
jRBz2XK3W-U;üî¥ C√≥mo DISE√ëAR LOGOS en POCOS PASOS üßê con CorelDRAW ‚ñ∫ TUTORIAL | DelcaVideography;Nov 25, 2021;0;25;0;0;29;0;;0;0;100;0;1;0;;0;0;0.643;0.027;0;0;41.84;44;32,164;0:04:23;820;4.51
jRaBozimttk;üü¢ DESCUBRE C√≥mo Crear este LOGO PROFESIONAL en Corel Draw usando esta T√âCNICA [Te Interesa!!! üî•];Aug 23, 2016;;0;0;;0;0;;0;0;100;0;1;0;;0;0;0.75;0.003;0;0;31.86;4;0.349;0:05:14;94;1.06
jZDtVn9KVdA;(PROFESIONAL DESIGN)üó° DAGA ZAFIRO COREL DRAW TUTORIAL: PARTE 2;Jun 6, 2017;;0;0;;0;0;;0;0;;0;0;0;;0;0;0;0;0;0;0.48;1;0.0031;0:00:11;80;1.25
jlKRNHa23qg;üî• CorelDRAW Best Geometry Tricks Logo TUTORIAL ‚ñ∂‚ñ∂ MICROSOFT EDGE üëâüèº DelcaVideography;Jul 6, 2021;0;3;0;0;7;0;;0;0;;0;0;0;;0;0;0.5;0.003;0;0;40.25;6;0.3797;0:03:47;119;4.2
jtBCXJjkEf8;Aprende ARTE DIGITAL en 3 PASOS con Corel DRAW | DelcaVideography;Feb 4, 2020;;0;0;0;13;0;;0;0;100;0;-1;0;;0;0;1;0.006;0;0;110.49;4;1,046;0:15:41;168;0
kGB2kZkqUSU;üëÄ C√ìMO ANIMAR UN MANGA üëÄ / ANIMATING A MANGA: SONY VEGAS PRO TUTORIAL;Aug 15, 2017;0;3;0;0;5;0;;0;0;100;0;1;0;;0;0;0.37;0.012;0;0;6.71;33;15,941;0:02:53;365;5.21
kIAQg7dIdl4;TUTORIAL: CREA TU INTRO PARA TU CANAL DE YOUTUBE en Vegas Pro | DelcaVideography;Feb 19, 2019;;0;0;;0;0;;0;0;;0;0;0;;0;0;0.714;0.005;0;0;12.52;7;0.2524;0:02:09;208;2.4
kNMd8vuFhXs;‚≠ê APRENDE a DIBUJAR as√≠ ‚úçüèºS√ìLO SI HACES ESTO ‚ñ∂ TUTORIAL CorelDRAW | DelcaVideography;Jul 5, 2022;0;7;0;0;3;0;;0;0;100;0;1;0;;0;0;0.75;0.016;0;0;21.45;21;15,081;0:04:18;329;2.13
kYxtjTfr75M;NUEVO Corel DRAW 2021 ü§Ø ENCIENDE tu CREATIVIDAD üí° ‚ñ∂ DelcaVideography;Mar 12, 2021;;0;0;;0;0;;0;0;;0;0;0;;0;0;0.2;0.003;0;0;3.2;15;0.4621;0:01:50;261;1.15
kuI3uJebbgk;ü§Ø APRENDE a DISE√ëAR LOGOS con ESTA T√âCNICA SECRETA en CorelDRAW | DelcaVideography;Jan 18, 2022;;0;0;0;3;0;;0;0;100;0;1;0;;0;0;1,588;0.031;0;0;13.72;20;0.6357;0:01:54;330;4.55
l3PAd-353XM;‚úÖ ESTAS son las FUNCIONES de Vegas Pro 2022  ‚ñ∂ DelcaVideography;Nov 15, 2022;0;15;0;0;5;0;;0;0;100;0;1;0;;0;0;1,067;0.016;0;0;55.28;15;0.8339;0:03:20;311;2.89
lZ0d1QrA5dM;LOGO THE AVENGERS: PHOTOSHOP TUTORIAL CS4|CS5|CS6;Jun 20, 2015;;0;0;0;2;0;;0;0;;0;0;0;;0;0;8;0.024;0;0;38.82;3;0.3928;0:07:51;89;1.12
lZ4YFGjLeDk;C√ìMO DIBUJAR VISTA ISOM√âTRICA en Corel Draw | DelcaVideography;Jun 19, 2018;0;4;0;0;6;0;;0;0;;0;0;0;;0;0;0.4;0.002;0;0;34.41;5;0.9434;0:11:19;198;0
laxBqIwXIhI;¬øSab√≠as que estos contenidos est√°n en DelcaVideography?;Feb 16, 2019;0;4;0;;0;0;;0;0;;0;0;0;;0;0;0;0;0;0;99.5;1;0.0166;0:00:59;163;0.61
lbkHP_KKD5s;üîë TIPS INDISPENSABLES para DISE√ëAR ‚ñ∂ Short | DelcaVideography;Aug 20, 2022;0;2;0;;0;0;;0;0;;0;0;0;;0;0;0;0;0;0;28.24;2;0.0111;0:00:20;99;2.02
llzp9lpPb-0;‚ö°10 MEJORES TIPOGRAF√çAS GRATUITAS que ser√°n ‚ñ∂ TENDENCIA en 2021 + üéÅ SORPRESA!;Feb 2, 2021;;0;0;0;2;0;;0;0;;0;0;0;;0;0;1.8;0.009;0;0;19.15;5;0.1617;0:01:56;96;5.21
lsZjMbXi4ps;C√≥mo crear LOGO GLITCH en Corel DRAW | DelcaVideography;Jun 5, 2018;0;8;0;0;13;0;;0;0;;0;0;0;;0;2;1,667;0.016;0;0;30.55;11;10,353;0:05:38;260;3.08
lzw6XdFU1PM;(INTERMEDIO) TUTORIAL 15 Corel DRAW X6, X7: C√ìMO VECTORIZAR PAISAJES: Tutorial pr√°ctico;Jul 5, 2014;;0;0;;0;0;;0;0;;0;0;0;;0;0;6;0.012;0;0;52.31;2;0.5403;0:16:12;84;2.38
mQNYlXaTKtE;C√ìMO CAMBIAR UN V√çDEO A COLOR A BLANCO Y NEGRO en Vegas Pro DelcaVideography;Jun 4, 2019;0;3;0;0;5;0;;0;0;;0;0;0;;0;0;0;0;0;0;14.61;10;0.246;0:01:28;157;3.82
m_Y0hyzFepA;‚ö† *ATENCI√ìN* üñ• APRENDE C√≥mo *REDUCIR* el PESO de un V√çDEO [SIN PERDER CALIDAD] ‚ñ∂ üí™üèª DelcaVideography;Aug 18, 2020;0;2;0;0;31;0;;0;0;100;0;1;0;;0;0;0.966;0.037;0;0;22.11;30;17,301;0:03:27;69;2.9
mzHJAmtQjLM;üí° C√ìMO CREAR EFECTO DE LUZ EN COREL DRAW: TUTORIAL üí°;Feb 6, 2018;0;15;0;0;34;0;;0;0;100;0;5;0;;0;0;0.798;0.073;0;0;22.47;95;5,461;0:03:26;1572;3.44
n8nFTHUXIvw;C√ìMO CREAR UN ASPECTO CINEM√ÅTICO A TUS V√çDEOS: SONY VEGAS PRO 10, 11, 12 y 13 TUTORIAL;Feb 21, 2015;;0;0;0;3;0;;0;0;;0;0;0;;0;0;0.857;0.013;0;0;24.57;10;0.7918;0:04:45;165;2.42
nOt-DeFHj2M;GREAT 3D LETTER LOGO + COMIC EFFECT: COREL DRAW TUTORIAL ‚úèÔ∏è;Nov 28, 2017;;0;0;0;3;0;;0;0;100;0;2;0;;0;0;0.13;0.033;0;0;9.07;31;17,135;0:03:18;686;2.62
ndfAda__EdY;(INTERMEDIO) üïπ POK√âMON GO LOGO TUTORIAL: COREL DRAW;Nov 1, 2016;;0;0;;0;0;;0;0;;0;0;0;;0;0;0;0;0;0;4.22;3;0.0445;0:00:53;84;1.19
ne8XcdNx6is;‚úÖ DESCUBRE las 17 REGLAS (*Que DEBES Saber* ü§©) para CREAR un BUEN DISE√ëO ‚ñ∫ + EJEMPLOS [2021];Oct 6, 2020;;0;0;0;5;0;;0;0;;0;0;0;;0;0;1,429;0.01;0;0;32.62;7;0.9826;0:08:25;170;3.53
nmRk8PXSYdY;ü¶ä DESCUBRE C√≥mo Crear este LOGO CONCEPTUAL [PASO a PASO ‚úçüèº] en Corel DRAW ‚ñ∫ DelcaVideography;Nov 25, 2020;0;3;0;0;6;0;;0;0;100;0;1;0;;0;0;0.571;0.004;0;0;17.85;7;0.7026;0:06:01;151;2.65
oBfiZhkmL20;LOGO 3D PROFESIONAL (AVANZADO) TUTORIAL 27 Corel DRAW X7;Sep 16, 2015;;0;0;0;5;0;;0;0;;0;0;0;;0;0;0;0;0;0;27.79;4;0.3202;0:04:48;55;5.45
oLd2IavaRzM;üåÄINCRE√çBLE, C√≥mo Cambiar el color de objetos en V√≠deo - BIEN explicado TUTORIAL VEGAS PRO;Nov 7, 2017;;0;0;0;11;0;;0;0;;0;0;0;;0;0;1;0.009;0;0;30.14;9;0.6902;0:04:36;125;4.8
oUYaEmUR_xc;C√≥mo SIMULAR AGUA REAL usando VEGAS PRO | DelcaVideography;Feb 25, 2020;;0;0;;0;0;;0;0;;0;0;0;;0;0;0.75;0.007;0;0;9.51;9;0.2295;0:01:31;108;4.63
o_9MXIi_uZY;‚úÖ(B√ÅSICO) CONTROLA Corel DRAW Siguiendo estos CONSEJOS [DISE√ëO PARAM√âTRICO] ‚ñ∂ DelcaVideography;Aug 22, 2014;;0;0;;0;0;;0;0;;0;0;0;;0;0;0.462;0.006;0;0;39.58;13;23,881;0:11:01;209;3.35
ojCMhzKgIjw;‚úÖ Esto Debes Pagar üí≤ por Usar Vegas Pro 2022 ‚ñ∂ @DelcaX;Nov 29, 2022;0;9;0;;0;0;;0;0;100;0;1;0;;0;0;3,143;0.044;0;0;52.22;15;0.5026;0:02:00;298;3.36
ok3pfhXHnZY;INFORMACI√ìN DELCAVIDEOGRAPHY;Jul 5, 2016;;0;0;0;4;0;;0;0;;0;0;0;;0;0;0;0;0;0;99.52;1;0.0335;0:02:00;26;3.85
oq0TpdgFFxE;‚úî APRENDE C√≥mo DIBUJAR a CALAMARDO üêô [Paso a Paso] (*Bob esponja* üßΩ) ‚ñ∂ DelcVideography;Sep 2, 2020;;0;0;;0;0;;0;0;;0;0;0;;0;0;0.5;0.001;0;0;29.88;2;0.6291;0:18:52;98;2.04
orS0O0vzFVI;üí• CONOCE los COMANDOS & ATAJOS pr√°cticos en CorelDRAW ‚ñ∂ TUTORIAL;Jan 6, 2015;;0;0;0;13;0;;0;0;;0;0;0;;0;0;0.424;0.014;0;0;21.67;38;42,822;0:06:45;428;4.21
p5Vza8Fwn-E;üí™üèº Dise√±o Este LOGO En 1 Minuto ‚ö° | Shorts  @DelcaX;Dec 20, 2022;;0;0;;0;0;;0;0;;0;0;7;71.43;0;0;0;0;0;0;74.12;5;0.0618;0:00:44;395;0.76
p5s_yd8bfWY;FUEGO AZUL ‚òÑÔ∏è Creating a Photorealistic Blue Fire Flame in Corel DRAW | DelcaVideography ‚òÑÔ∏è;Mar 7, 2019;0;8;0;0;21;0;;0;0;100;0;1;0;;0;0;0.313;0.006;0;0;26.43;17;17,346;0:06:07;335;2.99
pB9xmmTnMTc;üßê La TABLETA GR√ÅFICA m√°s BARATA y VENDIDA ¬øMerece la pena? Review VEIKK S640 | DelcaVideography;Nov 11, 2021;0;3;0;0;7;0;;0;0;100;0;2;0;;0;0;1;0.016;0;0;41.93;16;11,181;0:04:11;162;6.79
pBO1Az8mAaU;üî¥ C√ìMO ANIMAR una IMAGEN en Sony VEGAS PRO [Bien Explicado ‚úÖ];Sep 26, 2017;0;1;0;0;152;0;;0;0;100;0;8;0;;0;1;0.823;0.241;0;2;11.28;299;100,985;0:02:01;1880;10.64
pR4gA8VGZX4;DISE√ëO GR√ÅFICO Y AUDIOVISUAL: BIENVENIDOS AL 2020;Jan 14, 2020;0;3;0;;0;0;;0;0;;0;0;0;;0;0;0;0;0;0;37.99;4;0.0473;0:00:42;111;1.8
pYpqnBly3qI;üåà GRAPHIC DESIGN COMPOSITION: COREL DRAW TUTORIAL;Mar 12, 2018;0;4;0;0;4;0;;0;0;;0;0;0;;0;0;0.333;0.001;0;0;40.9;3;0.3742;0:07:29;85;1.18
pZTBKbZLhg4;LOGO TUTORIAL: ADOBE ILLUSTRATOR - ORIGAMI CUBIK;Apr 10, 2018;;0;0;16.67;6;1;20;5;1;;0;0;0;;0;0;1;0.009;0;0;11.42;9;0.2413;0:01:36;63;4.76
pyRbyr-YEl0;‚úÖ APRENDE a REEMPLAZAR el COLOR de IM√ÅGENES (Bien Explicado üíö ) ‚ñ∑ CorelDRAW 2021 üëâüèº DelcaVideography;Apr 19, 2021;0;33;0;0;95;0;;0;0;100;0;2;0;;0;1;1,695;0.425;0;0;20.47;250;199,551;0:04:47;1937;5.83
q3FV1NWUVG0;üèÉüèº‚Äç‚ôÇÔ∏è Speedrun LOGO CANGREJO #shorts ‚ñ∂ DelcaVideography;Oct 8, 2022;;0;0;;0;0;;0;0;;0;0;0;;0;0;0;0;0;0;6.15;1;0.0011;0:00:04;122;0
q9Um7q-MN28;üéâüéà TIPS ESENCIALES para CREAR tu PROPIA TARJETA de CUMPLEA√ëOS en CorelDRAW | DelcaVideography;Dec 7, 2021;;0;0;0;1;0;;0;0;;0;0;0;;0;0;0.333;0.002;0;0;21.03;4;0.1699;0:02:32;149;2.68
qYt3TLlMkOU;üõ† Con estas 7 T√âCNICAS vas a DISE√ëAR como un PROFESIONAL üòé en CorelDRAW TUTORIAL DelcaVideography;Jun 7, 2022;0;3;0;0;4;0;;0;0;;0;0;0;;0;0;0.125;0.001;0;0;19.9;8;0.3763;0:02:49;138;1.45
qZDnqNKSp1U;üíö TODO sobre la herramienta CURVA en CorelDRAW ‚ñ∂ Tutorial | DelcaVideography;Oct 11, 2022;0;6;0;0;5;0;0;2;0;100;0;1;0;;0;0;1,118;0.023;0;0;33.41;23;18,166;0:04:44;580;2.93
qgz8K69Nyos;üî• CorelDRAW BEST Techniques for BEGINNERS & EXPERTS Tutorial ‚ñ∂ SnowFlake ‚ùÑ (2021) üëâüèºDelcaVideography;Jul 1, 2021;0;6;0;0;6;0;;0;0;;0;0;0;;0;0;0.6;0.003;0;0;32.47;5;0.2787;0:03:20;95;4.21
qnDmzvqmeCU;üéû APRENDE Nuevos TRUCOS INFALIBLES [que Debes Saber* üòâ] para EDITAR V√çDEOS ‚ñ∂ DelcaVideography [2021];Aug 11, 2020;0;3;0;0;3;0;;0;0;;0;0;0;;0;0;0.143;0.002;0;0;12.49;8;0.2773;0:02:04;106;6.6
qvhFqeoN6tk;ü§∏üèª‚Äç‚ôÇÔ∏èüèÉüèª C√ìMO CREAR ESTELAS DE MOVIMIENTO en TUS V√çDEOS con VEGAS PRO | DelcaVideography;May 19, 2020;;0;0;0;17;0;;0;0;100;0;1;0;;0;0;0.514;0.021;0;1;8.43;43;15,344;0:02:08;427;5.85
r40BHf8jemc;Piques y carreras de autos/Drags and Racing Cars: The chase / 4x4 & V8 engines - TOCANCIP√Å;Apr 13, 2014;;0;0;;0;0;;0;0;;0;0;0;;0;0;0.333;0.001;0;0;34.57;4;0.0653;0:00:58;9;0
rQKwYTmFz7I;üòé DOMINA estas T√âCNICAS de DISE√ëO para CREAR LOGOS en CorelDRAW ‚ñ∂ TUTORIAL | DelcaVideography;Feb 17, 2022;0;9;0;0;6;0;;0;0;;0;0;0;;0;0;0.231;0.003;0;0;38.97;13;12,961;0:05:58;258;3.1
sALIuMI6yjk;Crea √≠conos con 6 t√©cnicas de dibujo esenciales en Corel DRAW | DelcaVideography;Jul 16, 2019;;0;0;0;1;0;;0;0;;0;0;0;;0;0;0.5;0.002;0;0;12.38;5;0.1551;0:01:51;247;2.02
sLTyCZgoy5c;üî¥ C√≥mo funciona la PERSPECTIVA de 2 PUNTOS de FUGA  ‚ñ∑ Tutorial  CorelDRAW 2021;Apr 20, 2021;0;2;0;0;4;0;;0;0;;0;0;0;;0;0;0.25;0.002;0;1;45.32;8;0.279;0:02:05;135;2.22
sLsW1OVnQjM;ü¶äüèÉ‚Äç‚ôÄÔ∏è The Fox Design SHORT | DelcaVideography;Jul 26, 2021;;0;0;;0;0;;0;0;;0;0;1;100;0;0;0;0;0;0;10.5;1;0.0018;0:00:06;35;0
sNJ6HtfFCds;NEUMORFISMO | NUEVA TENDENCIA de DISE√ëO | COREL DRAW TUTORIAL | DelcaVideography;Mar 31, 2020;;0;0;;0;0;;0;0;;0;0;0;;0;0;0;0;0;0;1.59;1;0.0042;0:00:15;114;0.88
sOYygjhplfw;ü§´ Pon en PR√ÅCTICA el SECRETO para DISE√ëAR este LOGO en CorelDRAW ‚ñ∂‚ñ∂ TUTORIAL | DelcaVideograhy;Dec 14, 2021;0;3;0;0;4;0;;0;0;;0;0;0;;0;0;0.077;0.001;0;0;12.53;15;0.6378;0:02:33;388;2.84
scdInTUsjLM;üíö Tutorial ‚ñ∂ Herramienta CONECTOR en CorelDRAW @DelcaX;Jan 17, 2023;0;6;0;;0;0;;0;0;;0;0;0;;0;0;1,143;0.026;0;0;60.02;19;1,603;0:05:03;553;2.71
scyBb7sHYPk;(AVANZADO)  LOGO PROFESIONAL TUTORIAL 31 COREL DRAW X8, X7, X6 y X5;Apr 5, 2016;;0;0;0;27;0;;0;0;;0;0;0;;0;0;1,571;0.022;0;0;42;14;16,498;0:07:04;246;4.47
shdqcZMvOwo;‚ú® TUTORIAL: NEON GLOW LOGO DESIGN en Corel Draw | DelcaVideography;Jan 22, 2019;0;36;0;0;79;0;;0;0;100;0;1;0;;0;1;2,605;0.207;0;1;37.34;85;95,478;0:06:44;1873;2.67
t8vqxbBvLWk;üí° Gu√≠a *PASO a PASO* para CREAR este LOGO PROFESIONAL 3D üßä ‚ñ∂ Corel DRAW [F√ÅCIL!!!];Mar 8, 2016;;0;0;0;11;0;;0;0;;0;0;0;;0;0;0.167;0.001;0;0;40.56;6;0.8828;0:08:49;88;4.55
t95kXSMyNYo;ü§Ø CONSEJOS CLAVE para CREAR LOGOS ‚ñ∂ Short | DelcaVideography;Sep 3, 2022;0;2;0;;0;0;;0;0;100;0;1;0;;0;0;0;0;0;0;34.15;1;0.0062;0:00:22;110;0.91
t9yV8S02BKU;LOS 10 COMANDOS M√ÅS USADOS EN COREL DRAW / TOP TIPS MORE OFTEN ON COREL DRAW;Jan 20, 2016;;0;0;11.11;9;1;0;5;0;;0;0;0;;0;2;0.833;0.016;0;0;18.39;21;17,404;0:04:58;274;3.28
tF5T5zm2Kk4;üíö La herramienta ZOOM Explicada ‚ñ∂ TUTORIAL CorelDRAW | DelcaVideography;Sep 27, 2022;0;3;0;0;3;0;;0;0;;0;0;0;;0;0;0;0;0;0;60.92;6;0.4508;0:04:30;302;0.66
tGaIuo18SPU;üåü Captain MARVEL LOGO en Corel DRAW  | DelcaVideography üåü;Jun 12, 2018;0;4;0;0;5;0;;0;0;100;0;1;0;;0;0;0;0.003;0;1;22.62;5;0.3497;0:04:11;118;0.85
tJh3qoj5uL0;‚úî‚ú® Sigue el PROCESO PASO a PASO y APRENDE A CREAR LOGOS en CorelDRAW ‚ñ∫ TUTORIAL | DelcaVideography;Jan 27, 2022;0;6;0;0;3;0;;0;0;;0;0;0;;0;0;0.333;0.002;0;0;41.2;7;0.8484;0:07:16;177;2.26
tL81C-oCbVg;(B√ÅSICO) TUTORIAL 6 CorelDRAW: C√ìMO CREAR DOCUMENTOS DE TEXTO;Jul 29, 2014;;0;0;;0;0;;0;0;;0;0;0;;0;0;1;0.004;0;0;8.05;6;0.268;0:02:40;172;1.74
tRzGALmKrxY;üòé ¬°AL FIN! ‚ñ∂ UNBOXING PLACA de 100K üí™üèº de YouTube üíñ DelcaVideography;May 12, 2022;0;3;0;;0;0;;0;0;;0;0;0;;0;0;1;0.001;0;1;71.02;2;0.0675;0:02:01;64;3.13
tb2iEGaXEZ8;üåê Descubre c√≥mo CREAR Logo *100% con C√çRCULOS* [PASO a PASO ‚úçüèº] Corel DRAW ‚ñ∫ DelcaVideography;Jun 16, 2020;0;3;0;0;8;0;;0;0;100;0;1;0;;0;0;0.905;0.019;0;0;25.48;24;20,096;0:05:01;262;4.2
tfmf8uy-Y9s;(INTERMEDIO) TUTORIAL 19 CorelDRAW X7: TODO sobre Rellenos y Texturas;Mar 19, 2015;;0;0;0;52;0;;0;0;;0;0;0;;0;2;0.643;0.056;0;0;11.29;92;35,679;0:02:19;823;8.99
tkVuDJIfhIk;C√ìMO CREAR UNA SEGUNDA PANTALLA: TUTORIAL B√ÅSICO SONY VEGAS PRO 11, 12, 13;Apr 7, 2015;;0;0;;0;0;;0;0;;0;0;0;;0;0;0;0;0;0;3.09;1;0.0066;0:00:23;28;3.57
tkovN4wy2L8;LOGO ART√çSTICO unsando GEOMETR√çA en Corel DRAW TUTORIAL | DelcaVideography;Jan 21, 2020;;0;0;0;4;0;;0;0;;0;0;0;;0;0;0.5;0.002;0;0;13.4;4;0.1364;0:02:02;151;1.32
tnbaTA5kS4o;‚öîÔ∏è 15 DIFERENCIAS entre CorelDRAW & Adobe ILLUSTRATOR ‚öîÔ∏è;Mar 20, 2018;0;8;0;0;66;0;;0;0;100;0;4;0;;0;1;2,972;0.334;0;0;21.44;116;120,045;0:06:12;1596;4.76
tye2W4cHSRU;EFECTO 3D Y RENDERIZADO VECTORIAL: (AVANZADO) TUTORIAL 28 CorelDRAW X7;Jul 16, 2014;;0;0;0;15;0;;0;0;;0;0;0;;0;1;0.667;0.016;0;0;23.32;26;4,079;0:09:24;404;5.45
tzGDFg-aYYY;5 EFECTOS INCRE√çBLES DE MAPA DE BITS EN COREL DRAW TUTORIAL / 5 AMAZING BITMAPS EFFECT;Feb 3, 2016;;0;0;0;29;0;;0;0;100;0;-1;0;;0;1;1.34;0.069;0;0;17.97;59;42,465;0:04:19;1016;3.25
u9zeZP7dk40;(INTERMEDIO) MEZCLA DE OBJETOS INTERACTIVA (INTERACTIVE BLEND TOOL) COREL DRAW X7, X8 TUTORIAL;Mar 1, 2016;;0;0;0;6;0;;0;0;;0;0;0;;0;0;0.571;0.005;0;0;36.48;8;0.8025;0:06:01;79;5.06
uQ8jd0fvQug;üèÉüèº‚Äç‚ôÇÔ∏èüö¥üèº‚Äç‚ôÇÔ∏èAs√≠ CREAS LOGOS en CorelDRAW como un PRO | DelcaVideography ‚ñ∂ Short;Feb 25, 2022;;0;0;;0;0;;0;0;100;0;1;42;64.29;0;0;0;0;0;0;83.76;29;0.2497;0:00:30;994;1.71
uR8Vren2Hvg;üöÄ APRENDE a DIBUJAR COHETES en COREL DRAW | DelcaVideography;Oct 8, 2019;0;3;0;0;5;0;;0;0;;0;0;0;;0;0;0;0;0;0;25.77;4;0.3971;0:05:57;85;1.18
uVobnwq6V5M;ü§úüèº La MASTERCLASS que BUSCABAS üëâüèº  T√©cnicas AVANZADAS para DISE√ëADORES CorelDRAW | DelcaVideography;Sep 28, 2021;;0;0;;0;0;;0;0;100;0;1;0;;0;0;1;0.009;0;0;6.7;11;0.4107;0:02:14;360;1.67
uWTDjemxmQc;üêô LOGOTIPO + ILUSTRACI√ìN Speedrun SHORT en Corel DRAW | DelcaVideography;Jul 25, 2021;;0;0;;0;0;;0;0;100;0;1;27;44.44;0;0;0;0;0;0;69.07;12;0.1381;0:00:41;445;0.67
ug1N4LH0ea4;‚úÖ Te Muestro C√≥mo VECTORIZAR Dibujos ‚úí [*F√ÅCIL*] ‚ñ∂ Corel DRAW (Parte 2);Jun 16, 2014;;0;0;;0;0;;0;0;;0;0;0;;0;0;0.333;0.001;0;0;23.26;5;0.6247;0:07:29;55;3.64
uh-dv1gvpTI;Si USAS esta T√âCNICA üßê puedes CREAR muchos LOGOS ‚ñ∂ CorelDRAW | DelcaVideography;Oct 19, 2021;0;3;0;0;1;0;;0;0;;0;0;0;;0;0;0;0;0;0;21.96;3;0.1308;0:02:36;138;1.45
uuwD1kqLM3E;C√ìMO VECTORIZAR CARICATURAS (INTERMEDIO) TUTORIAL 13 Corel DRAW X6, X7;May 2, 2014;;0;0;;0;0;;0;0;;0;0;0;;0;0;1;0.006;0;0;21.54;6;0.9587;0:09:35;167;2.4
uwA89oxazPM;üîó LOGO TUTORIAL CorelDRAW ‚Ä∫BASIC‚Äπ Tips & Tricks üíö for Beginners & Experts | DelcaVideography;Aug 26, 2021;0;9;0;0;6;0;;0;0;;0;0;0;;0;0;0.1;0.001;0;0;34.01;10;0.4696;0:02:49;126;3.17
v5V8I3Oih-g;üêù ESTA es la FORMA INTELIGENTE üò± de usar la GEOMETR√çA para DISE√ëAR ‚ñ∂ CorelDRAW  | DelcaVideography;Oct 26, 2021;0;3;0;0;4;0;;0;0;;0;0;0;;0;0;4.75;0.019;0;1;32.04;5;0.3427;0:04:06;82;4.88
v78Z0YjNoIc;üåü LOGO DESIGN PROCESS - RENDER TUTORIAL Parte 2  DelcaVideography;Jul 28, 2020;0;9;0;0;11;0;;0;0;100;0;1;0;;0;0;0.444;0.004;0;0;26.55;9;0.9843;0:06:33;87;3.45
v9Q7miWkdhE;üî• CorelDRAW BASIC Techniques for Beginners & Experts ‚ñ∂ 3D LOGO TUTORIAL | DelcaVideography;Jul 13, 2021;0;3;0;0;3;0;;0;0;100;0;1;0;;0;0;1.5;0.003;0;0;50.37;2;0.1634;0:04:54;84;1.19
vCMrop1rNp0;üò≤ DOMINA la GEOMETR√çA para DISE√ëAR LOGOS en CorelDRAW ‚ñ∫ TUTORIAL | DelcaVideography;Nov 30, 2021;0;12;0;0;13;0;;0;0;100;0;1;0;;0;0;0.588;0.011;0;1;33.11;19;0.7496;0:02:22;239;2.93
vNWxJoxOHFA;üíö AS√ç se USA la HERRAMIENTA SELECCI√ìN en CorelDRAW | DelcaVideography;Sep 13, 2022;0;12;0;28.57;7;2;33.33;6;2;;0;0;0;;0;0;1,182;0.013;0;0;52.41;12;0.587;0:02:56;290;2.41
vUZjnjuRVzM;MEDELL√çN - LA PLAYA DE LOS PAISAS;Jan 31, 2009;;0;0;;0;0;;0;0;;0;0;0;;0;0;0;0;0;0;13.7;1;0.0086;0:00:31;4;0
vZAhcgRQ9sg;üéû El mejor editor de video para principiantes en YouTube | DelcaVideography üéû;Jun 11, 2019;0;3;0;0;4;0;;0;0;;0;0;0;;0;0;0.5;0.001;0;0;60.96;2;0.3972;0:11:55;26;3.85
v_fBRfU9mpw;‚úîÔ∏è TUTORIAL: EFECTO GLITCH en VEGAS PRO ‚òª  ú·¥Ö;Oct 3, 2017;0;3;0;0;5;0;;0;0;;0;0;0;;0;0;0.571;0.01;0;0;19.61;16;0.5734;0:02:09;109;7.34
vflApSS2rMk;üñå Crea PINCELES PERSONALIZADOS / CUSTOM BRUSHES en CorelDRAW | DelcaVideography üñå;Dec 3, 2019;0;6;0;0;28;0;;0;0;100;0;2;0;;0;1;1,898;0.098;0;0;30.79;54;46,824;0:05:12;486;6.79
vg8pGU09qQ4;‚úî‚ú® Sigue estos PASOS para CREAR DISE√ëOS IMPOSIBLES con CorelDRAW ‚ñ∂ TUTORIAL | DelcaVideography;Mar 8, 2022;0;14;0;0;13;0;;0;0;;0;0;0;;0;0;1.55;0.031;0;1;34.57;23;24,469;0:06:22;555;2.16
vjJkjDI_ZZ4;üéØ (INTERMEDIO) üéØ CAPTAIN AMERICA METALLIC SHIELD: COREL DRAW X7 X8 TUTORIAL;Sep 8, 2016;;0;0;0;5;0;;0;0;;0;0;0;;0;0;0.571;0.004;0;0;23.83;8;0.6302;0:04:43;101;3.96
vmW6V39Ul8U;üíö Tutorial  ‚ñ∂ Herramienta MEZCLA INTERACTIVA en CorelDRAW @DelcaX ‚Äã;Feb 7, 2023;0;58;0;;0;0;;0;0;100;0;6;0;;0;1;1,606;0.183;0;0;35.72;117;99,387;0:05:05;2755;3.01
vmf-Nh1aftA;üèÉüèº‚Äç‚ôÇÔ∏è Speedrun LOGO Ballena Azul #shorts ‚ñ∂ DelcaVideography;Nov 5, 2022;0;3;0;0;1;0;;0;0;;0;0;0;;0;0;0.5;0.001;0;0;50.77;2;0.0186;0:00:33;135;1.48
vyg5_ZPlMfA;‚ö° SIMPLIFICA AS√ç tus DISE√ëOS ü§î ‚ñ∂ TUTORIAL CorelDRAW | DelcaVideography;Jun 21, 2022;0;9;0;0;6;0;;0;0;100;0;1;0;;0;0;6.8;0.034;0;0;71.71;5;11,096;0:13:18;151;2.65
w4w0Xclpe_w;üíöüèÉ‚Äç‚ôÄÔ∏è CorelDRAW ‚ñ∂ SPEEDRUN MONSTER Short | DelcaVideography;Jul 24, 2021;;0;0;;0;0;;0;0;;0;0;4;50;0;0;0;0;0;0;16.17;2;0.0054;0:00:09;35;0
w7PDi2i--mU;(INTERMEDIO) üí£ COREL DRAW TUTORIAL: WOW EFFECT LOGO;Mar 28, 2017;0;3;0;0;26;0;;0;0;100;0;1;0;;0;1;1,609;0.094;0;0;24.21;54;52,687;0:05:51;1259;2.54
wC4ZMACUfsQ;üìñ 3D FLIP PAGE TEXT Effect | CorelDRAW TUTORIAL ‚ñ∂ DelcaVideography;Sep 9, 2021;;0;0;0;7;0;;0;0;100;0;1;0;;0;0;0.4;0.002;0;0;42.71;7;0.4135;0:03:32;244;2.05
wKQdpbEgCQk;‚úî‚ú® DESCUBRE estas T√âCNICAS para CREAR DISE√ëOS org√°nicos en ‚ñ∂ TUTORIAL | CorelDRAW DelcaVideography;Feb 3, 2022;0;6;0;0;8;0;;0;0;100;0;3;0;;0;0;6.5;0.132;0;0;35.29;21;38,706;0:11:03;434;3
wYvrsfTPeW0;‚≠êSIMPLIFICA tus dise√±os en CorelDRAW ‚ñ∂ TUTORIAL | DelcaVideography;Nov 1, 2022;0;9;0;0;4;0;;0;0;100;0;1;0;;0;0;0.375;0.003;0;0;42.9;8;0.5854;0:04:23;206;3.4
wtx9fZTQFB8;üíô Curso VEGAS PRO en YOUTUBE 2021 (Entrenamiento Online) ‚ñ∂ DelcaVideography;May 18, 2021;0;10;0;0;18;0;;0;0;;0;0;0;;0;0;0.296;0.009;0;0;36.79;30;0.3341;0:00:40;158;1.27
xK5DzITQgMM;üî• REVIEW XP-PEN Artist 16 (2nd Gen) + Test + PROMO | Tableta GR√ÅFICA para EMPEZAR ‚ñ∫ DelcaVideography;Aug 9, 2022;;0;0;;0;0;;0;0;;0;0;0;;0;0;0.556;0.005;0;0;16.77;9;0.4546;0:03:01;178;3.37
xOaGHKk3ilM;LOADING EFFECT VIDEO TUTORIAL in VEGAS PRO | DelcaVideography;Nov 5, 2019;;0;0;;0;0;;0;0;;0;0;0;;0;0;0.4;0.002;0;0;2.02;6;0.0353;0:00:21;44;11.36
xkzbR_0FjSE;üéº APRENDE C√≥mo CREAR ANIMACIONES [para videos MUSICALESüéµ] usando *RITMO* TUTORIAL ‚ñ∂ DelcVideography;Aug 25, 2020;;0;0;0;13;0;;0;0;;0;0;0;;0;0;0.679;0.024;0;0;6.46;30;0.5273;0:01:03;84;1.19
xmV2gdHmtS8;üî• Te Ense√±o a CREAR un LOGO PROFESIONAL [TUTORIAL Completo + PASO a PASO] üí™üèº ‚ñ∂ CorelDRAW + PHOTOSHOP;Oct 20, 2014;;0;0;0;1;0;;0;0;;0;0;0;;0;0;0;0;0;0;99.98;1;0.9251;0:55:30;101;0.99
xqturIOMmMQ;(B√ÅSICO) COREL DRAW X5, X6, X7 Y X8 TUTORIAL DISE√ëO DE MARIPOSA / DESIGN A BUTERFLY;Jun 8, 2016;;0;0;0;4;0;;0;0;;0;0;0;;0;0;0.929;0.013;0;0;18.07;14;0.9365;0:04:00;247;1.62
xxjWecfX9rs;üëπ C√≥mo CREAR una M√ÅSCARA para FIESTAS [*PASO a PASO*] ‚ñ∂ DelcaVideography @mentacoqueta;Oct 9, 2015;;0;0;0;5;0;;0;0;;0;0;0;;0;0;0;0;0;0;31.28;2;0.1922;0:05:45;55;1.82
yDvflk_vVxM;RENOVACI√ìN SUPERHER√ìICA DelcaVideography );Jul 30, 2015;;0;0;;0;0;;0;0;;0;0;0;;0;0;0;0;0;0;48.5;1;0.0027;0:00:09;76;1.32
yS4dxKwYzY8;‚≠ê 7 HERRAMIENTAS que DEBES CONOCER para DISE√ëAR en CorelDRAW TUTORIAL DelcaVideography;Jul 26, 2022;0;6;0;0;4;0;;0;0;;0;0;0;;0;0;0;0;0;0;50.94;5;0.6926;0:08:18;186;0
yWQmKOPV5Wk;TUTORIAL: C√ìMO crear y editar v√≠deos con Sony Vegas Pro 10, 11, 12 y 13  para principiantes;Mar 29, 2014;0;6;0;0;14;0;;0;0;100;0;-1;0;;0;0;0.556;0.018;0;0;11.45;33;25,587;0:04:39;653;2.76
y_6F6xjSae4;‚òÉ‚ùÑ @DelcaX Les desea una navidad llena de alegr√≠a y amor! ‚ù§;Dec 25, 2022;;0;0;;0;0;;0;0;;0;0;4;0;0;0;;0;0;0;;0;0;;90;0
yjh8OAPgglQ;(AVANZADO) TUTORIAL 20 Corel DRAW X7: DISE√ëA LOGOS CON ESTILO/Creating stylish logotypes;Nov 18, 2014;;0;0;0;9;0;;0;0;;0;0;0;;0;3;0.212;0.009;0;0;33.11;37;46,961;0:07:36;266;3.76
yuiXtxKrSzQ;üî• CorelDRAW Tips & Tricks for Beginners & Experts ‚ñ∂ LOGO TUTORIAL | DelcaVideography;Aug 17, 2021;0;3;0;0;3;0;;0;0;;0;0;0;;0;0;4;0.008;0;0;51.68;2;0.1398;0:04:11;58;1.72
yxr7XeBm2VI;DE QU√â COLOR ES EL VESTIDO? QU√â DICE PHOTOSHOP? What color is the dress? Look what says Photoshop;Mar 3, 2015;;0;0;;0;0;;0;0;;0;0;0;;0;0;0;0;0;0;5.87;1;0.0108;0:00:38;63;0
zCs2HPG-wQU;‚ú®‚úî CONOCE el PASO a PASO para CREAR este LOGO en CorelDRAW ‚ñ∂ TUTORIAL | DelcaVideography (2022);Mar 22, 2022;0;3;0;0;1;0;;0;0;;0;0;0;;0;0;0.143;0.002;0;0;7.75;11;0.3341;0:01:49;232;1.29
zHuRNaBu1KE;APRENDE a Crear Dise√±os COMPLEJOS usando esta T√âCNICA ‚úÖ [PASO a PASO] Corel DRAW ‚ñ∫ DelcaVideography;Aug 4, 2020;;0;0;0;9;0;;0;0;;0;0;0;;0;0;10,333;0.155;0;0;19.5;16;0.9898;0:03:42;192;3.13
zJE0nZ2brpI;üì≤ C√≥mo EDITAR & EXPORTAR V√≠deos VERTICALES para REELS - STORIES - IGTV (*INSTAGRAM*) üíª ‚ñ∂ SONY VEGAS;Jan 26, 2021;0;12;0;0;133;0;;0;0;100;0;6;0;;0;0;1,354;0.245;0;2;31.83;185;85,717;0:02:46;935;12.09
zOkq_-rUDxI;(TUTORIAL para PRINCIPIANTES üòÄ) CREA PIR√ÅMIDE 3D [PASO a PASO ‚úçüèº] en Corel DRAW ‚ñ∫ DelcaVideography;Dec 1, 2020;0;9;0;0;47;0;;0;0;100;0;3;0;;0;1;2.04;0.154;0;1;25.91;79;82,388;0:06:15;1072;3.82
zdRd8ybbfXU;‚≠ê 7 T√âCNICAS y CONSEJOS para DISE√ëAR en CorelDRAW ‚ñ∂ TUTORIAL | DelcaVideography;Jul 19, 2022;0;3;0;0;4;0;;0;0;;0;0;0;;0;0;0.167;0.001;0;0;17.91;9;0.4415;0:02:56;217;3.23
zgqJfSXtJd4;ü§ù 15 SIMILITUDES ENTRE COREL DRAW Y ADOBE ILLUSTRATOR ü§ù;Apr 3, 2018;;0;0;0;3;0;;0;0;100;0;2;0;;0;0;1,476;0.033;0;0;20.1;22;1,983;0:05:24;490;2.45
zumE77kB2j0;üíä PAPER EFFECT üíä (EFECTO INCRUSTADO) COREL DRAW X8;Aug 22, 2017;0;6;0;0;12;0;;0;0;100;0;1;0;;0;0;0;0;0;0;34.3;19;0.6517;0:02:03;359;3.34
 -BbMH_gcUTg;üí¨ CURSO DISE√ëO GR√ÅFICO Y AUDIOVISUAL CERTIFICADO: PREGUNTAS E INQUIETUDES üòÅ;Nov 2, 2017;;;;;;;;;;;;;0;;;;;0;;;;;;;5;0
0KgJJw4016M;üòÉ Te ENSE√ëO c√≥mo es el PROCESO de DISE√ëO | Delcavideography;Sep 22, 2021;;;;;;;;;;;;;0;;;;;0;;;;;;;39;0
0Sc8o7Da65w;‚ûï 27  *CURIOSIDADES y USOS* üëäüèº de la TIPOGRAF√çA ‚ñ∂ THE MANDALORIAN ü§ñ en menos de 4 MINUTOS ‚åö;Feb 9, 2021;;;;;;;;;;;;;0;;;;;0;;;;;;;70;0
2fxhnwxRmN4;DUCON sistemas modulares para oficina;Mar 26, 2008;;;;;;;;;;;;;0;;;;;0;;;;;;;9;0
2qDWq7a7II8;COMEDY CHANNEL: PRESENTANDO A / INTRODUCING ANDR√âS;Feb 3, 2016;;;;;;;;;;;;;0;;;;;0;;;;;;;11;0
39K87Hoctkk;üßΩ BOB SPONGE Remix üéµ by DelcaVideography üêô;Aug 25, 2020;;;;;;;;;;;;;0;;;;;0;;;;;;;54;0
4aZoHqLmJhg;IMPORTANTE! ANUNCIO FIN DE A√ëO 2018;Dec 18, 2018;;;;;;;;;;;;;0;;;;;0;;;;;;;13;0
5WcmcnMkBHw;üëåüèº Te DOY un TRUCO SECRETO ü§Ø para HACER INTROS INCRE√çBLES y en POCOS PASOS | DelcaVideography;Dec 15, 2021;;;;;;;;;;;;;0;;;;;0;;;;;;;48;0
5XLxENTBxXM;Special Effects! Big tornado over my desk;Feb 2, 2013;;;;;;;;;;;;;0;;;;;0;;;;;;;10;0
6_-gEvLJQ9E;üí° CorelDRAW KEY üîë TIPS for Pro & Beginners | Lightbulb ICON ‚ñ∂DelcaVideography;Aug 31, 2021;;;;;;;;;;;;;0;;;;;0;;;;;;;105;0
7CI67rlDsto;DelcaVideography Intro;Feb 17, 2014;;;;;;;;;;;;;0;;;;;0;;;;;;;5;0
7L_S_9Pez2k;Rural and Urban sky, our home.wmv;Mar 15, 2010;;;;;;;;;;;;;0;;;;;0;;;;;;;2;0
8AgA7grljt0;üåü CURSO MAESTRO en DISE√ëO GR√ÅFICO & AUDIOVISUAL | DelcaVideography;Mar 11, 2020;;;;;;;;;;;;;0;;;;;0;;;;;;;30;0
95LkjJb3s4U;CENTRO INTERNACIONAL BOGOT√Å: TIMELAPSE;Sep 11, 2015;;;;;;;;;;;;;0;;;;;0;;;;;;;10;0
9DzUGseMs2c;Bancolombia, Medell√≠n, Building, rascasuelos, Banco;Jul 8, 2008;;;;;;;;;;;;;0;;;;;0;;;;;;;2;0
9gr1t0xPtB8;üåé 360¬∫ Creando S√öPER MiniPlanetas en PHOTOSHOP !BIEN EXPLICADO! | Delcavideography üåé;Oct 9, 2018;;;;;;;;;;;;;0;;;;;0;;;;;;;24;0
A1LN9Tre3BM;LEGO Star Wars: The Clone Wars Stop Motion Animation MOVIE!;Mar 9, 2014;;;;;;;;;;;;;0;;;;;0;;;;;;;6;0
DgK0RzohpmA;üéûConvi√©rtete en un PRODUCTOR AUDIOVISUAL desde CASA con FlexClip | DelcaVideography;Oct 1, 2019;;;;;;;;;;;;;0;;;;;0;;;;;;;53;0
Dlnp9EqC1ss;SALUDOS, FELIZ A√ëO Y AGRADECIMIENTOS;Dec 28, 2016;;;;;;;;;;;;;0;;;;;0;;;;;;;10;0
EU4_dX0UG5M;Dise√±os profesionales a 1 clic | DelcaVideography;Aug 20, 2019;;;;;;;;;;;;;0;;;;;0;;;;;;;30;0
EXzvDQrSFoU;33th America's Cup - Puerto Valencia;Feb 16, 2010;;;;;;;;;;;;;0;;;;;0;;;;;;;5;0
Fg0DxFapCZU;Medell√≠n, Urbanismo Natural;May 21, 2009;;;;;;;;;;;;;0;;;;;0;;;;;;;4;0
GziVls5DvCQ;üéä FELIZ NAVIDAD Y PR√ìSPERO 2021 te desea DelcaVideography üéâ;Dec 31, 2020;;;;;;;;;;;;;0;;;;;0;;;;;;;22;0
HyhguQ-x05g;Recorrido Valencia en bicicleta!;Feb 2, 2010;;;;;;;;;;;;;0;;;;;0;;;;;;;7;0
IBchowQm5KU;Great Mediterranean Skyline Sunset Time Lapse with Canon 550D - SPAIN;Jul 19, 2011;;;;;;;;;;;;;0;;;;;0;;;;;;;6;0
INrjxEDXxT4;Home made videoclips SFX (Special Effects);May 5, 2013;;;;;;;;;;;;;0;;;;;0;;;;;;;5;0
IfZcbvbsZxo;EN VIVO MES DE FEBRERO: PREGUNTAS, DUDAS, INFORMACI√ìN;Feb 27, 2018;;;;;;;;;;;;;0;;;;;0;;;;;;;4;0
J305koFLrIE;DelcaVideography introduction trailer!;Dec 30, 2011;;;;;;;;;;;;;0;;;;;0;;;;;;;6;0
JhBKvI8Dcnk;ü§òüèº As√≠ PODR√ÅS crear INTROS ANIMADAS para tu TRABAJO y REDES SOCIALES en MINUTOS | DelcaVideography;Dec 16, 2021;;;;;;;;;;;;;0;;;;;0;;;;;;;56;0
Jinpaih6Vj4;Nuremberg Toys Fair 2011;Jul 13, 2011;;;;;;;;;;;;;0;;;;;0;;;;;;;5;0
JmwCWSLclQI;‚úà Cinematogr√°fico sobrevuelo: MEDELL√çN desde el aire / MEDELLIN from the sky ‚úà;Mar 16, 2014;;;;;;;;;;;;;0;;;;;0;;;;;;;9;0
KYpWopHEayk;SALUDO ESPECIAL Y MENSAJE POR LOS 30K SUBS / SPECIAL REGARDS AND MESSAGE FOR 30K SUBS;Jul 6, 2016;;;;;;;;;;;;;0;;;;;0;;;;;;;11;0
LDNG6Ie_wIg;AN EVENING IN FERRIS WHEEL IN VALENCIA CITY - SPAIN;Jul 31, 2010;;;;;;;;;;;;;0;;;;;0;;;;;;;1;0
LP3no5HoESo;INTRO DelcaVideography RACING;Apr 13, 2014;;;;;;;;;;;;;0;;;;;0;;;;;;;6;0
NDzJCYWeKjk;Medell√≠n, Sur Oriente;Apr 11, 2009;;;;;;;;;;;;;0;;;;;0;;;;;;;5;0
O9L0N4cXntM;MEDELLIN ZOOM TEST;Jul 12, 2009;;;;;;;;;;;;;0;;;;;0;;;;;;;2;0
OH8m3pImJyQ;Flujo de materia en las calles de Medell√≠n;Jan 8, 2009;;;;;;;;;;;;;0;;;;;0;;;;;;;5;0
OukC6ADBwxA;VENTANA COMPLEJO FORUM - MEDELL√çN 2009;Jan 22, 2009;;;;;;;;;;;;;0;;;;;0;;;;;;;1;0
P4XBjGUo__I;Amazing travel to Paris through the lmp Base;Feb 6, 2010;;;;;;;;;;;;;0;;;;;0;;;;;;;1;0
PABcxl3xZaU;APP TUTORIAL EDITAR FOTOS F√ÅCILMENTE EN SNAPSEED;Aug 9, 2016;;;;;;;;;;;;;0;;;;;0;;;;;;;14;0
PIe4HWkxn0I;üòé Este CONSEJO MEJORAR√Å tu EXPERIENCIA con mis TUTORIALES | DelcaVideography;Oct 2, 2021;;;;;;;;;;;;;0;;;;;0;;;;;;;39;0
PMZYdmkDRx4;Medellin's Timelapse Video;Dec 15, 2013;;;;;;;;;;;;;0;;;;;0;;;;;;;14;0
PkwKaMZSPo0;ü•á PROMOCI√ìN BLACK WEEK CURSO MAESTRO DISE√ëO GR√ÅFICO Y AUDIOVISUAL;Nov 23, 2017;;;;;;;;;;;;;0;;;;;0;;;;;;;4;0
Q-7WuQxa5R0;Especial 10.000 SUBS DelcaVideography;Jul 26, 2015;;;;;;;;;;;;;0;;;;;0;;;;;;;7;0
Q1e8WoDrxEg;MEDELL√çN, CIUDAD DEL R√çO;Sep 2, 2009;;;;;;;;;;;;;0;;;;;0;;;;;;;1;0
QbskfptMMc4;DJI Phantom 2 Unboxing and Assembly;May 7, 2014;;;;;;;;;;;;;0;;;;;0;;;;;;;6;0
R7XsajYjpAQ;Photo Video Intro of Valencia, Spain;Feb 5, 2010;;;;;;;;;;;;;0;;;;;0;;;;;;;3;0
R_p0sqjLpNo;What if Paris appears within a Handkerchief!;Feb 6, 2010;;;;;;;;;;;;;0;;;;;0;;;;;;;3;0
S4vhNocWfok;üíö Mis Tutoriales de LOGOS RECOMENDADOS COREL DRAW üëâüèº Parte 2 üí• DelcaVideography;Mar 2, 2019;;;;;;;;;;;;;0;;;;;0;;;;;;;19;0
SK0KLPCtXDY;An Odd Star Wars Mirror;Feb 6, 2010;;;;;;;;;;;;;0;;;;;0;;;;;;;1;0
